result,agent,samples,mean_iou,mean_baseline_iou,mean_delta_iou
result_2345_for_Agent1-20000,agent1,6480,0.7199078405864198,0.6665971169753087,0.05331072361111111
result_2345_for_Agent1-20000,agent2,6480,0.7173401546296296,0.6558155231481482,0.06152463148148148
result_2345_for_Agent1-20000,agent3,6480,0.733603987962963,0.6716281833333334,0.06197580462962963
result_2345_for_Agent1-20000,agent4,4536,0.7674615451940036,0.7103570092592593,0.05710453593474427
result_2345_for_Agent1-20000,agent5,1944,0.7115814300411523,0.6502233410493827,0.06135808899176955
result_2345_for_Agent1-30000,agent1,6480,0.7222445648148148,0.6665971169753087,0.055647447839506176
