dataset,baseline,experiment,role,source_path,package_path,size_bytes,sha256,note
ALL,ALL,final_report,documentation,/raid/xuyifan/v2x_code_ckpt/260704结果.md,00_docs/260704_results.md,73397,757af791e26c0d733cd6fcdaed5535780f9a867124d9b0a4ff50fd7a80cd6e56,Source markdown for all 260704 tables.
ALL,ALL,final_report,documentation,/raid/xuyifan/v2x_code_ckpt/260704实验结果整理.docx,00_docs/260704_experiment_results.docx,56262,748c264bdf3e80844be84a5ab4a298ee5a3fbc21d25b3ba9d064fbe1083c3ad0,Word version generated from 260704结果.md.
ALL,ALL,code_version,code_version_record,generated from git,00_code_version/git_head.txt,41,fbe8072d9d0998792302da4d0df089385f6e791b4db29a12069b1e17436dfbe5,Git state when packaging 260704 artifacts.
ALL,ALL,code_version,code_version_record,generated from git,00_code_version/git_diff_stat.txt,2775,9d019104892a2bd2832fe9f5e215d9f0f4c22fd6cd0d0f63e04e72e1e5291eb3,Git state when packaging 260704 artifacts.
ALL,ALL,code_version,code_version_record,generated from git,00_code_version/git_status_short.txt,11410,bf101e3aab0420be747e079e7c8a5cabd1a275add9e84c299bd152cb801b78ed,Git state when packaging 260704 artifacts.
ALL,ALL,code_version,code_version_record,generated from git,00_code_version/git_tracked_files.txt,11333,203d5fe0b7c0144c300f45a1d1670740424e10d1ea66af84d86ee49333514535,Git state when packaging 260704 artifacts.
ALL,ALL,code_version,code_version_record,generated from git,00_code_version/working_tree_diff.patch,495704,91de7bffe54d7ca19ea73b212e737883e455c93fed522e225000fab2a573ccde,Git state when packaging 260704 artifacts.
ALL,ALL,code_version,code_version_record,generated from git,00_code_version/git_branch.txt,26,2afa5193669148ba2eef05370b203563d8f73a27dd0068c59183e4abbf6974fe,Git state when packaging 260704 artifacts.
ALL,ALL,used_scripts,code,/raid/xuyifan/v2x_code_ckpt/scripts/run_data_v2xsim_compensation_grid.py,00_code_scripts/scripts/run_data_v2xsim_compensation_grid.py,7411,8637e92bf51b6c313fe4dcaff37a72f8075dd7e03b2090dfbc550289a539bb97,Scripts referenced by 260704 experiments.
ALL,ALL,used_scripts,code,/raid/xuyifan/v2x_code_ckpt/scripts/run_v2xsim_data_joint_delay_comp.py,00_code_scripts/scripts/run_v2xsim_data_joint_delay_comp.py,18491,12cb967fece784d250071e8a14781f72d87dc99542c3265bd134bd11394e9c40,Scripts referenced by 260704 experiments.
ALL,ALL,used_scripts,code,/raid/xuyifan/v2x_code_ckpt/scripts/run_dair_strict_dual_delay_grid.py,00_code_scripts/scripts/run_dair_strict_dual_delay_grid.py,11581,015a3078096703dc103917a02b81b379a6a122c9f5e0dfe7ef112ec2c11f286a,Scripts referenced by 260704 experiments.
ALL,ALL,used_scripts,code,/raid/xuyifan/v2x_code_ckpt/scripts/run_dair_late_fusion_comp_grid.py,00_code_scripts/scripts/run_dair_late_fusion_comp_grid.py,11225,9af47f54b2c3f966aa28bc61456ee07955a53a322b71ea6f5654d80dc88bd22c,Scripts referenced by 260704 experiments.
ALL,ALL,used_scripts,code,/raid/xuyifan/v2x_code_ckpt/scripts/train_dair_history_motion_compensator.py,00_code_scripts/scripts/train_dair_history_motion_compensator.py,22201,001b6fae98126db42792b2efdcdb81dd93020d5ee0a67cf8ce4f78faad02e313,Scripts referenced by 260704 experiments.
ALL,ALL,used_scripts,code,/raid/xuyifan/v2x_code_ckpt/scripts/train_dair_motion_compensator.py,00_code_scripts/scripts/train_dair_motion_compensator.py,17172,89802f353b553d287ab9a36709d9297b97a8404872ef0e16d94d103ffadee0e6,Scripts referenced by 260704 experiments.
ALL,ALL,used_scripts,code,/raid/xuyifan/v2x_code_ckpt/scripts/run_dair_data_strict_dual_delay_grid.py,00_code_scripts/scripts/run_dair_data_strict_dual_delay_grid.py,10729,d65e1ff6e7e64a5ecacc7e337c944782ac33a6fc4ffe50283ec480b57e757096,Scripts referenced by 260704 experiments.
ALL,ALL,used_scripts,code,/raid/xuyifan/v2x_code_ckpt/scripts/run_dair_data_feature_t10n10_comp.py,00_code_scripts/scripts/run_dair_data_feature_t10n10_comp.py,31665,86bfe20ebae736f1f9d326bb86e4d2bc17d1ad308dd46393efd6a9f59cf3935e,Scripts referenced by 260704 experiments.
ALL,ALL,used_scripts,code,/raid/xuyifan/v2x_code_ckpt/scripts/run_dair_data_joint_delay_comp.py,00_code_scripts/scripts/run_dair_data_joint_delay_comp.py,17965,ff56e18d8ce904b45b106f4893c176450795e74df7f859709d08cdc8665326b2,Scripts referenced by 260704 experiments.
ALL,ALL,used_scripts,code,/raid/xuyifan/v2x_code_ckpt/scripts/run_dair_data_rf_ours_box_comp_grid.py,00_code_scripts/scripts/run_dair_data_rf_ours_box_comp_grid.py,27288,b705fce002c3b26ac8f23ccdf7b944bebba1ba36087756ad378582a576f30d89,Scripts referenced by 260704 experiments.
ALL,ALL,used_scripts,code,/raid/xuyifan/v2x_code_ckpt/scripts/run_dair_data_hybrid_rf_assist.py,00_code_scripts/scripts/run_dair_data_hybrid_rf_assist.py,15971,8827ce16711458b094ebbc284cbb42beed69346c11936bb4114b0d6ef23937e4,Scripts referenced by 260704 experiments.
ALL,ALL,used_scripts,code,/raid/xuyifan/v2x_code_ckpt/scripts/run_dair_lrcp_latency_grid.py,00_code_scripts/scripts/run_dair_lrcp_latency_grid.py,14061,cf2200cf750b99bda3a8d8104f70ed0254a3f6c75f501c598b9ae9113acb391c,Scripts referenced by 260704 experiments.
ALL,ALL,used_scripts,code,/raid/xuyifan/v2x_code_ckpt/scripts/run_dair_lrcp_strict_dual_delay_parallel.py,00_code_scripts/scripts/run_dair_lrcp_strict_dual_delay_parallel.py,6526,3bcb77fd7f88fe4fcb65af6671b1704be31f4f16930c7868d5f105da6991d70c,Scripts referenced by 260704 experiments.
ALL,ALL,used_scripts,code,/raid/xuyifan/v2x_code_ckpt/scripts/prepare_dair_lrcp_inputs.py,00_code_scripts/scripts/prepare_dair_lrcp_inputs.py,5725,52dcfbbe729db710e2fd0429d1f66114ae77fee47adadcdc5ae9bd99c1b54e82,Scripts referenced by 260704 experiments.
ALL,ALL,used_scripts,code,/raid/xuyifan/v2x_code_ckpt/scripts/generate_dair_lrcp_flow_offsets.py,00_code_scripts/scripts/generate_dair_lrcp_flow_offsets.py,9316,8f46dc92283cccebb4fa890bdf529688419d58092caf013e43b36684b6833ec6,Scripts referenced by 260704 experiments.
ALL,ALL,used_scripts,code,/raid/xuyifan/v2x_code_ckpt/scripts/download_dair_v2x_seq_spd.py,00_code_scripts/scripts/download_dair_v2x_seq_spd.py,5688,d25ec264924f831e1fe6106797a6b8159765e84003dbacdd0053831893ef70b7,Scripts referenced by 260704 experiments.
ALL,ALL,used_scripts,code,/raid/xuyifan/v2x_code_ckpt/scripts/extract_dair_v2x_seq_spd_parts.sh,00_code_scripts/scripts/extract_dair_v2x_seq_spd_parts.sh,5284,578fcec7c3d001ea1af6a37c81d49e6db9f4ba17addd0a8a98197341193d7aaf,Scripts referenced by 260704 experiments.
ALL,ALL,used_scripts,code,/raid/xuyifan/v2x_code_ckpt/scripts/monitor_dair_v2x_seq_download.sh,00_code_scripts/scripts/monitor_dair_v2x_seq_download.sh,4116,c43ae4a1eac7bb4257a57b494b65b759813ed8b8a7455ff3890e535ec78d8558,Scripts referenced by 260704 experiments.
ALL,ALL,used_scripts,code,/raid/xuyifan/v2x_code_ckpt/scripts/prepare_trafalign_dair_compat.py,00_code_scripts/scripts/prepare_trafalign_dair_compat.py,11516,698fd98403790d8ad31c588869116a1e2159f2024dc7ec43cbd252572d3a3ddc,Scripts referenced by 260704 experiments.
ALL,ALL,used_scripts,code,/raid/xuyifan/v2x_code_ckpt/scripts/run_trafalign_dair_compat_eval.py,00_code_scripts/scripts/run_trafalign_dair_compat_eval.py,7620,ccdb859a87232ca7d3531e0613ee55907805cb52735bf09b25d4ea38ea443c51,Scripts referenced by 260704 experiments.
ALL,ALL,used_scripts,code,/raid/xuyifan/v2x_code_ckpt/scripts/run_trafalign_dair_v2x_seq_eval.py,00_code_scripts/scripts/run_trafalign_dair_v2x_seq_eval.py,18071,f2da7360a566307ac9ef8bb5a57ad3120a0fc2e89bf1a3603227d62a0c0859e2,Scripts referenced by 260704 experiments.
ALL,ALL,used_scripts,code,/raid/xuyifan/v2x_code_ckpt/scripts/train_trafalign_feature_t10n10_predictor.py,00_code_scripts/scripts/train_trafalign_feature_t10n10_predictor.py,15073,61bf09ea93b1e340d7b2e4ea4caa8c8b21f6bc2b99d7e2127ebd5d9635fc645d,Scripts referenced by 260704 experiments.
ALL,ALL,used_scripts,code,/raid/xuyifan/v2x_code_ckpt/scripts/train_trafalign_joint_delay_comp.py,00_code_scripts/scripts/train_trafalign_joint_delay_comp.py,13664,4e903fc0fa9d63d472f02bedba3a2ea489dc2d2d5c9a116b76414ed7c527f155,Scripts referenced by 260704 experiments.
ALL,ALL,used_scripts,code,/raid/xuyifan/v2x_code_ckpt/scripts/update_260704_dair_tables.py,00_code_scripts/scripts/update_260704_dair_tables.py,3956,416c184e9996c6ff16b9555b846f0c8b408a008b3f2be09a420a086241742308,Scripts referenced by 260704 experiments.
V2X-Sim,V2VNet,paper_existing_result,paper_result_source,/raid/xuyifan/v2x_code_ckpt/DLPCM/table/main_result.tex,01_v2xsim/V2VNet/paper_sources/main_result.tex,1936,0a50f4a86ec71fbc1e75409dfe554b65714fd1adbc1da6d12ae589498f879553,
V2X-Sim,V2VNet,paper_existing_result,paper_result_source,/raid/xuyifan/v2x_code_ckpt/DLPCM/table/main_result_disco.tex,01_v2xsim/V2VNet/paper_sources/main_result_disco.tex,2513,b0ee0f9eb251d2924c4a93adfb77595e710ccb74f64bd726c9346ed0b1a7c645,
V2X-Sim,V2VNet,paper_existing_result,ours_checkpoint,/raid/xuyifan/v2x_code_ckpt/checkpoints/curated/ours_models/v2xsim_ours_prediction_model.pth,01_v2xsim/V2VNet/checkpoints/ours/v2xsim_ours_prediction_model.pth,346295,1760137846d8e534bbab2f91209a718b3ea8dd251d9e466b3b268c38efb62255,
V2X-Sim,DiscoNet,paper_existing_result,paper_result_source,/raid/xuyifan/v2x_code_ckpt/DLPCM/table/main_result.tex,01_v2xsim/DiscoNet/paper_sources/main_result.tex,1936,0a50f4a86ec71fbc1e75409dfe554b65714fd1adbc1da6d12ae589498f879553,
V2X-Sim,DiscoNet,paper_existing_result,paper_result_source,/raid/xuyifan/v2x_code_ckpt/DLPCM/table/main_result_disco.tex,01_v2xsim/DiscoNet/paper_sources/main_result_disco.tex,2513,b0ee0f9eb251d2924c4a93adfb77595e710ccb74f64bd726c9346ed0b1a7c645,
V2X-Sim,DiscoNet,paper_existing_result,ours_checkpoint,/raid/xuyifan/v2x_code_ckpt/checkpoints/curated/ours_models/v2xsim_ours_prediction_model.pth,01_v2xsim/DiscoNet/checkpoints/ours/v2xsim_ours_prediction_model.pth,346295,1760137846d8e534bbab2f91209a718b3ea8dd251d9e466b3b268c38efb62255,
V2X-Sim,DATA,strict_dual_delay_and_joint_ifam,result_csv,/raid/xuyifan/v2x_code_ckpt/runs/data_v2xsim_pipeline/results/data_v2xsim_latency_ap.csv,01_v2xsim/DATA/results/data_v2xsim_latency_ap.csv,4177,ffc8e04b816cd070652598acd872283507c94d6b73ac736221f65a297a61d39c,
V2X-Sim,DATA,strict_dual_delay_and_joint_ifam,result_csv,/raid/xuyifan/v2x_code_ckpt/results/260615_fill/artifacts/v2xsim_data_compensation_ap.csv,01_v2xsim/DATA/results/v2xsim_data_compensation_ap.csv,9290,7ed3428380e3d979ee34276eb0b34c7f3ff0c16b5d7832bb493cf51b758b692b,
V2X-Sim,DATA,strict_dual_delay_and_joint_ifam,result_csv,/raid/xuyifan/v2x_code_ckpt/results/260615_fill/artifacts/v2xsim_data_syncnet_strict_20260704.csv,01_v2xsim/DATA/results/v2xsim_data_syncnet_strict_20260704.csv,4772,5d2db92f95ca395f587912274524b5f2b15da2d6473f9b71c7f72a296531ce5d,
V2X-Sim,DATA,strict_dual_delay_and_joint_ifam,result_csv,/raid/xuyifan/v2x_code_ckpt/results/260615_fill/artifacts/v2xsim_data_intermediate_fairness_audit_20260707.csv,01_v2xsim/DATA/results/v2xsim_data_intermediate_fairness_audit_20260707.csv,2434,276dd910d936dab2409f0ecf204c98a6df469b5fe5fb780d53d6b0db9a47a9e4,
V2X-Sim,DATA,strict_dual_delay_and_joint_ifam,result_csv,/raid/xuyifan/v2x_code_ckpt/results/260615_fill/artifacts/v2xsim_data_ifam_joint_delay_comp_scale01_20260713.csv,01_v2xsim/DATA/results/v2xsim_data_ifam_joint_delay_comp_scale01_20260713.csv,4430,0ac8f12d8e0338b141ea79d0b2b1d80c9f32b4bbff1e3c6367b35b4ec0dee146,
V2X-Sim,DATA,strict_dual_delay_and_joint_ifam,result_csv,/raid/xuyifan/v2x_code_ckpt/results/260615_fill/artifacts/v2xsim_data_ifam_joint_delay_comp_20260713.csv,01_v2xsim/DATA/results/v2xsim_data_ifam_joint_delay_comp_20260713.csv,4286,b535ceab5bce2653786d2b9f9a44d7e5cf2fce95bc2d586408d68bbceacb5b61,
V2X-Sim,DATA,joint_ifam_per_comp_raw,result_csv,/raid/xuyifan/v2x_code_ckpt/results/260615_fill/artifacts/v2xsim_data_ifam_joint_delay_comp_scale01_comp0_20260713.csv,01_v2xsim/DATA/results/per_comp_raw/v2xsim_data_ifam_joint_delay_comp_scale01_comp0_20260713.csv,1538,1439981a156dfa283452d522916e18c3fdcf9f9d1cd3d8befd48b19ac752e0b6,
V2X-Sim,DATA,joint_ifam_per_comp_raw,result_csv,/raid/xuyifan/v2x_code_ckpt/results/260615_fill/artifacts/v2xsim_data_ifam_joint_delay_comp_scale01_comp2_20260713.csv,01_v2xsim/DATA/results/per_comp_raw/v2xsim_data_ifam_joint_delay_comp_scale01_comp2_20260713.csv,1538,c9c2d4fa24899d3ceb57724eb36b5a1ef4f7a821aa53e51735396cedcfde209f,
V2X-Sim,DATA,joint_ifam_per_comp_raw,result_csv,/raid/xuyifan/v2x_code_ckpt/results/260615_fill/artifacts/v2xsim_data_ifam_joint_delay_comp_scale01_comp4_20260713.csv,01_v2xsim/DATA/results/per_comp_raw/v2xsim_data_ifam_joint_delay_comp_scale01_comp4_20260713.csv,1538,da3b54644b4650e16a7b6e72a53c69d2904c46b0aa3041534a9ddc4358523b48,
V2X-Sim,DATA,joint_ifam_per_comp_raw,result_csv,/raid/xuyifan/v2x_code_ckpt/results/260615_fill/artifacts/v2xsim_data_ifam_joint_delay_comp_comp0_20260713.csv,01_v2xsim/DATA/results/per_comp_raw/v2xsim_data_ifam_joint_delay_comp_comp0_20260713.csv,1490,7b5ed1df4109e1fbfe878820c45c183c5d349c09822f423b01638471ac3aeab7,
V2X-Sim,DATA,joint_ifam_per_comp_raw,result_csv,/raid/xuyifan/v2x_code_ckpt/results/260615_fill/artifacts/v2xsim_data_ifam_joint_delay_comp_comp2_20260713.csv,01_v2xsim/DATA/results/per_comp_raw/v2xsim_data_ifam_joint_delay_comp_comp2_20260713.csv,1490,4e10ba6e8cd3a9c05b4378fcbaaa65383b3be9d34c044d35f384996aa0f3b1f9,
V2X-Sim,DATA,joint_ifam_per_comp_raw,result_csv,/raid/xuyifan/v2x_code_ckpt/results/260615_fill/artifacts/v2xsim_data_ifam_joint_delay_comp_comp4_20260713.csv,01_v2xsim/DATA/results/per_comp_raw/v2xsim_data_ifam_joint_delay_comp_comp4_20260713.csv,1490,61a40368f2037e0d80171b5aa34dbb33d5c7e27721fdf575d6aee664d613e2d4,
V2X-Sim,DATA,joint_ifam,ours_checkpoint_or_metrics,/raid/xuyifan/v2x_code_ckpt/checkpoints/curated/ours_models/v2xsim_data_ifam_joint_delay_comp_scale01.pth,01_v2xsim/DATA/checkpoints/ours/v2xsim_data_ifam_joint_delay_comp_scale01.pth,1927480,0f3d4cc666aa8def7a34c89e4f2ebc0d17d17b14c66d0b46c387ee36b7e6709d,
V2X-Sim,DATA,joint_ifam,ours_checkpoint_or_metrics,/raid/xuyifan/v2x_code_ckpt/checkpoints/curated/ours_models/v2xsim_data_ifam_joint_delay_comp.pth,01_v2xsim/DATA/checkpoints/ours/v2xsim_data_ifam_joint_delay_comp.pth,1927480,e5cc566939645c06bb1f24533f335acc6d76663bbbfbcf9c095932ff2cdb00c6,
V2X-Sim,DATA,joint_ifam,ours_checkpoint_or_metrics,/raid/xuyifan/v2x_code_ckpt/checkpoints/curated/ours_models/v2xsim_data_ifam_joint_delay_comp.train_metrics.csv,01_v2xsim/DATA/checkpoints/ours/v2xsim_data_ifam_joint_delay_comp.train_metrics.csv,799,aa48de5c4cf8a8591292a8c0961b4c2722ed4006db42c942960c40c5fad156a2,
V2X-Sim,DATA,baseline_detector,baseline_checkpoint_or_config,/raid/xuyifan/v2x_code_ckpt/external/DATA/opencood/logs/DATA_v2xsim_pipeline_2026_06_10_14_27_14/config.yaml,01_v2xsim/DATA/checkpoints/baseline_DATA/config.yaml,4998,f9b07c45fb1934e4db2bb45ceb1e85dc0933ac9b03afac22304a8dffc886dff1,
V2X-Sim,DATA,baseline_detector,baseline_checkpoint_or_config_split_part,/raid/xuyifan/v2x_code_ckpt/external/DATA/opencood/logs/DATA_v2xsim_pipeline_2026_06_10_14_27_14/net_epoch_bestval_at19.pth,01_v2xsim/DATA/checkpoints/baseline_DATA/net_epoch_bestval_at19.pth.split/net_epoch_bestval_at19.pth.part000,41943040,e7cf27d368ca5b4c7169b8f0ee0449383d6df1e0b8a6810321cd40392025cc06,Part 1/2 of 01_v2xsim/DATA/checkpoints/baseline_DATA/net_epoch_bestval_at19.pth; restore with restore_split_checkpoints.py; original_sha256=041d8a9392f2475ceacef1ce451f2965b0dc13b8e261bbe942121862285e8d51; original_size=54178733
V2X-Sim,DATA,baseline_detector,baseline_checkpoint_or_config_split_part,/raid/xuyifan/v2x_code_ckpt/external/DATA/opencood/logs/DATA_v2xsim_pipeline_2026_06_10_14_27_14/net_epoch_bestval_at19.pth,01_v2xsim/DATA/checkpoints/baseline_DATA/net_epoch_bestval_at19.pth.split/net_epoch_bestval_at19.pth.part001,12235693,cae3744b9002ff60a7cf7624c9003d81d6911da1ea50b45da5185f1b33eee44c,Part 2/2 of 01_v2xsim/DATA/checkpoints/baseline_DATA/net_epoch_bestval_at19.pth; restore with restore_split_checkpoints.py; original_sha256=041d8a9392f2475ceacef1ce451f2965b0dc13b8e261bbe942121862285e8d51; original_size=54178733
DAIR-V2X-C,official_late_fusion/TCLF,strict_dual_delay,result_csv,/raid/xuyifan/v2x_code_ckpt/results/260615_fill/artifacts/dair_late_fusion_no_comp_strict_20260704_rechecked.csv,02_dair_v2x_c/official_late_fusion/results/dair_late_fusion_no_comp_strict_20260704_rechecked.csv,4190,78107c648dccc177d1ab7637d05c77979d11927bd1802170533f4ed3d305c55d,
DAIR-V2X-C,official_late_fusion/TCLF,strict_dual_delay,result_csv,/raid/xuyifan/v2x_code_ckpt/results/260615_fill/artifacts/dair_detector_no_comp_strict_20260704_rechecked.csv,02_dair_v2x_c/official_late_fusion/results/dair_detector_no_comp_strict_20260704_rechecked.csv,4262,a24cc91ba455583e6396681d161471c96493f6065e61abdd0056aa3d961e58ec,
DAIR-V2X-C,official_late_fusion/TCLF,strict_dual_delay,result_csv,/raid/xuyifan/v2x_code_ckpt/results/260615_fill/artifacts/dair_late_fusion_ours_history2_rf_trainonly_strict_20260714.csv,02_dair_v2x_c/official_late_fusion/results/dair_late_fusion_ours_history2_rf_trainonly_strict_20260714.csv,4574,00e87122ed6294a3a6d429a1257ef1edd8a475299c82f46a7de65fd66a2e80e7,
DAIR-V2X-C,official_late_fusion/TCLF,strict_dual_delay,result_csv,/raid/xuyifan/v2x_code_ckpt/results/260615_fill/artifacts/dair_detector_ours_history2_rf_trainonly_strict_20260714.csv,02_dair_v2x_c/official_late_fusion/results/dair_detector_ours_history2_rf_trainonly_strict_20260714.csv,4767,33906805fffecbefdc77df6137f59bea4425a6a4526c2363fad0615ef43bbcb8,
DAIR-V2X-C,official_late_fusion/TCLF,strict_dual_delay,result_csv,/raid/xuyifan/v2x_code_ckpt/results/260615_fill/artifacts/dair_late_fusion_ours_history2_rf_trainval_diag_strict_20260714.csv,02_dair_v2x_c/official_late_fusion/results/dair_late_fusion_ours_history2_rf_trainval_diag_strict_20260714.csv,4646,c1f5bdcf4509f4dc50a0baa3b643b33ded0c41d9171aeac28f2aa502864843a0,
DAIR-V2X-C,official_late_fusion/TCLF,strict_dual_delay,result_csv,/raid/xuyifan/v2x_code_ckpt/results/260615_fill/artifacts/dair_detector_ours_history2_rf_trainval_diag_strict_20260714.csv,02_dair_v2x_c/official_late_fusion/results/dair_detector_ours_history2_rf_trainval_diag_strict_20260714.csv,4843,c2f2a4596a8c219fcc03fd0f59124fc0ea2f3c5fe6c1b07b443a9ed68b6f4ebf,
DAIR-V2X-C,official_late_fusion/TCLF,strict_dual_delay,result_csv,/raid/xuyifan/v2x_code_ckpt/results/260615_fill/artifacts/dair_late_fusion_ours_history2_rf_valcache_strict_20260705.csv,02_dair_v2x_c/official_late_fusion/results/dair_late_fusion_ours_history2_rf_valcache_strict_20260705.csv,4556,9b254e68942232b54e280a64d37c7e08db71f1a65461c4d6839495e46c2d8cee,
DAIR-V2X-C,official_late_fusion/TCLF,strict_dual_delay,result_csv,/raid/xuyifan/v2x_code_ckpt/results/260615_fill/artifacts/dair_detector_ours_history2_rf_valcache_strict_20260705.csv,02_dair_v2x_c/official_late_fusion/results/dair_detector_ours_history2_rf_valcache_strict_20260705.csv,4748,f7d6a4be969589014ed0d025ddc7ce8eaacd41d7171122577be5a27474892492,
DAIR-V2X-C,official_late_fusion/TCLF,strict_dual_delay,result_csv,/raid/xuyifan/v2x_code_ckpt/results/260615_fill/artifacts/dair_late_fusion_tclf_receiver_strict_20260704_rechecked.csv,02_dair_v2x_c/official_late_fusion/results/dair_late_fusion_tclf_receiver_strict_20260704_rechecked.csv,4334,8e938ee0aa2be649667ed67b5a85af682dd573872d628474e1801ce45daff614,
DAIR-V2X-C,official_late_fusion/TCLF,strict_dual_delay,result_csv,/raid/xuyifan/v2x_code_ckpt/results/260615_fill/artifacts/dair_detector_tclf_receiver_strict_20260704_rechecked.csv,02_dair_v2x_c/official_late_fusion/results/dair_detector_tclf_receiver_strict_20260704_rechecked.csv,4280,d9b88299f25cdd074469e5f56a942092e06c3e6f1e2ac34b5362551639cf0280,
DAIR-V2X-C,official_late_fusion/TCLF,RF2_box_predictor,ours_checkpoint_split_part,/raid/xuyifan/v2x_code_ckpt/checkpoints/curated/ours_models/dair_v2x_late_fusion_rf2_ours_trainonly.pkl,02_dair_v2x_c/official_late_fusion/checkpoints/ours_rf2/dair_v2x_late_fusion_rf2_ours_trainonly.pkl.split/dair_v2x_late_fusion_rf2_ours_trainonly.pkl.part000,41943040,2d9af51d64913fae79fffce726f40a3927290de5df8c8154d622bd80eefe1e25,Part 1/5 of 02_dair_v2x_c/official_late_fusion/checkpoints/ours_rf2/dair_v2x_late_fusion_rf2_ours_trainonly.pkl; restore with restore_split_checkpoints.py; original_sha256=8f11c8cea2b5551dfc728db0d55b6a9cb4400f45268c33e75dd939102bca68eb; original_size=200524388
DAIR-V2X-C,official_late_fusion/TCLF,RF2_box_predictor,ours_checkpoint_split_part,/raid/xuyifan/v2x_code_ckpt/checkpoints/curated/ours_models/dair_v2x_late_fusion_rf2_ours_trainonly.pkl,02_dair_v2x_c/official_late_fusion/checkpoints/ours_rf2/dair_v2x_late_fusion_rf2_ours_trainonly.pkl.split/dair_v2x_late_fusion_rf2_ours_trainonly.pkl.part001,41943040,b51b7b1b15ac212b82881082fef3cffa66eb598b735aae869d2d7c832db8a2c7,Part 2/5 of 02_dair_v2x_c/official_late_fusion/checkpoints/ours_rf2/dair_v2x_late_fusion_rf2_ours_trainonly.pkl; restore with restore_split_checkpoints.py; original_sha256=8f11c8cea2b5551dfc728db0d55b6a9cb4400f45268c33e75dd939102bca68eb; original_size=200524388
DAIR-V2X-C,official_late_fusion/TCLF,RF2_box_predictor,ours_checkpoint_split_part,/raid/xuyifan/v2x_code_ckpt/checkpoints/curated/ours_models/dair_v2x_late_fusion_rf2_ours_trainonly.pkl,02_dair_v2x_c/official_late_fusion/checkpoints/ours_rf2/dair_v2x_late_fusion_rf2_ours_trainonly.pkl.split/dair_v2x_late_fusion_rf2_ours_trainonly.pkl.part002,41943040,4e18242ab18589e552a9efdf94776658f018f934ca2523f61bc707b43f49d841,Part 3/5 of 02_dair_v2x_c/official_late_fusion/checkpoints/ours_rf2/dair_v2x_late_fusion_rf2_ours_trainonly.pkl; restore with restore_split_checkpoints.py; original_sha256=8f11c8cea2b5551dfc728db0d55b6a9cb4400f45268c33e75dd939102bca68eb; original_size=200524388
DAIR-V2X-C,official_late_fusion/TCLF,RF2_box_predictor,ours_checkpoint_split_part,/raid/xuyifan/v2x_code_ckpt/checkpoints/curated/ours_models/dair_v2x_late_fusion_rf2_ours_trainonly.pkl,02_dair_v2x_c/official_late_fusion/checkpoints/ours_rf2/dair_v2x_late_fusion_rf2_ours_trainonly.pkl.split/dair_v2x_late_fusion_rf2_ours_trainonly.pkl.part003,41943040,766aeb734a1884f21c19634c841ea58a3371a10b3de24f68615fca92d8736a83,Part 4/5 of 02_dair_v2x_c/official_late_fusion/checkpoints/ours_rf2/dair_v2x_late_fusion_rf2_ours_trainonly.pkl; restore with restore_split_checkpoints.py; original_sha256=8f11c8cea2b5551dfc728db0d55b6a9cb4400f45268c33e75dd939102bca68eb; original_size=200524388
DAIR-V2X-C,official_late_fusion/TCLF,RF2_box_predictor,ours_checkpoint_split_part,/raid/xuyifan/v2x_code_ckpt/checkpoints/curated/ours_models/dair_v2x_late_fusion_rf2_ours_trainonly.pkl,02_dair_v2x_c/official_late_fusion/checkpoints/ours_rf2/dair_v2x_late_fusion_rf2_ours_trainonly.pkl.split/dair_v2x_late_fusion_rf2_ours_trainonly.pkl.part004,32752228,55feb2b68966797b63859964e2965e1648b56a54219a29ee22fd7cc8e6657193,Part 5/5 of 02_dair_v2x_c/official_late_fusion/checkpoints/ours_rf2/dair_v2x_late_fusion_rf2_ours_trainonly.pkl; restore with restore_split_checkpoints.py; original_sha256=8f11c8cea2b5551dfc728db0d55b6a9cb4400f45268c33e75dd939102bca68eb; original_size=200524388
DAIR-V2X-C,official_late_fusion/TCLF,RF2_box_predictor,ours_checkpoint_split_part,/raid/xuyifan/v2x_code_ckpt/checkpoints/curated/ours_models/dair_v2x_late_fusion_rf2_ours_trainval_diagnostic.pkl,02_dair_v2x_c/official_late_fusion/checkpoints/ours_rf2/dair_v2x_late_fusion_rf2_ours_trainval_diagnostic.pkl.split/dair_v2x_late_fusion_rf2_ours_trainval_diagnostic.pkl.part000,41943040,6fd3ed61b1ae8b210ba1c4692435a13dda9e769f2e56871c4d668aa895e8fc40,Part 1/7 of 02_dair_v2x_c/official_late_fusion/checkpoints/ours_rf2/dair_v2x_late_fusion_rf2_ours_trainval_diagnostic.pkl; restore with restore_split_checkpoints.py; original_sha256=488e1cf07cb2b4984c8fc44179737a0487f399c1b7b0ede765fbfe9639cb4808; original_size=269546499
DAIR-V2X-C,official_late_fusion/TCLF,RF2_box_predictor,ours_checkpoint_split_part,/raid/xuyifan/v2x_code_ckpt/checkpoints/curated/ours_models/dair_v2x_late_fusion_rf2_ours_trainval_diagnostic.pkl,02_dair_v2x_c/official_late_fusion/checkpoints/ours_rf2/dair_v2x_late_fusion_rf2_ours_trainval_diagnostic.pkl.split/dair_v2x_late_fusion_rf2_ours_trainval_diagnostic.pkl.part001,41943040,efecea7fbfd17436a198c6382c0c3d8541afb30977df518599a91120332cd100,Part 2/7 of 02_dair_v2x_c/official_late_fusion/checkpoints/ours_rf2/dair_v2x_late_fusion_rf2_ours_trainval_diagnostic.pkl; restore with restore_split_checkpoints.py; original_sha256=488e1cf07cb2b4984c8fc44179737a0487f399c1b7b0ede765fbfe9639cb4808; original_size=269546499
DAIR-V2X-C,official_late_fusion/TCLF,RF2_box_predictor,ours_checkpoint_split_part,/raid/xuyifan/v2x_code_ckpt/checkpoints/curated/ours_models/dair_v2x_late_fusion_rf2_ours_trainval_diagnostic.pkl,02_dair_v2x_c/official_late_fusion/checkpoints/ours_rf2/dair_v2x_late_fusion_rf2_ours_trainval_diagnostic.pkl.split/dair_v2x_late_fusion_rf2_ours_trainval_diagnostic.pkl.part002,41943040,f6b9a93751c623e34ba283fb01a7625722efbfd8c0a0339afc288ab3faa51e6c,Part 3/7 of 02_dair_v2x_c/official_late_fusion/checkpoints/ours_rf2/dair_v2x_late_fusion_rf2_ours_trainval_diagnostic.pkl; restore with restore_split_checkpoints.py; original_sha256=488e1cf07cb2b4984c8fc44179737a0487f399c1b7b0ede765fbfe9639cb4808; original_size=269546499
DAIR-V2X-C,official_late_fusion/TCLF,RF2_box_predictor,ours_checkpoint_split_part,/raid/xuyifan/v2x_code_ckpt/checkpoints/curated/ours_models/dair_v2x_late_fusion_rf2_ours_trainval_diagnostic.pkl,02_dair_v2x_c/official_late_fusion/checkpoints/ours_rf2/dair_v2x_late_fusion_rf2_ours_trainval_diagnostic.pkl.split/dair_v2x_late_fusion_rf2_ours_trainval_diagnostic.pkl.part003,41943040,f6dd5e5ef6abfb0e6c524693fa4591200322dc1e5f0ed8ada288e2c4add058cb,Part 4/7 of 02_dair_v2x_c/official_late_fusion/checkpoints/ours_rf2/dair_v2x_late_fusion_rf2_ours_trainval_diagnostic.pkl; restore with restore_split_checkpoints.py; original_sha256=488e1cf07cb2b4984c8fc44179737a0487f399c1b7b0ede765fbfe9639cb4808; original_size=269546499
DAIR-V2X-C,official_late_fusion/TCLF,RF2_box_predictor,ours_checkpoint_split_part,/raid/xuyifan/v2x_code_ckpt/checkpoints/curated/ours_models/dair_v2x_late_fusion_rf2_ours_trainval_diagnostic.pkl,02_dair_v2x_c/official_late_fusion/checkpoints/ours_rf2/dair_v2x_late_fusion_rf2_ours_trainval_diagnostic.pkl.split/dair_v2x_late_fusion_rf2_ours_trainval_diagnostic.pkl.part004,41943040,45f15d63ccb805a61e5f299716f9e1ac2aa999fa226e9f6af6f3e06a712b431b,Part 5/7 of 02_dair_v2x_c/official_late_fusion/checkpoints/ours_rf2/dair_v2x_late_fusion_rf2_ours_trainval_diagnostic.pkl; restore with restore_split_checkpoints.py; original_sha256=488e1cf07cb2b4984c8fc44179737a0487f399c1b7b0ede765fbfe9639cb4808; original_size=269546499
DAIR-V2X-C,official_late_fusion/TCLF,RF2_box_predictor,ours_checkpoint_split_part,/raid/xuyifan/v2x_code_ckpt/checkpoints/curated/ours_models/dair_v2x_late_fusion_rf2_ours_trainval_diagnostic.pkl,02_dair_v2x_c/official_late_fusion/checkpoints/ours_rf2/dair_v2x_late_fusion_rf2_ours_trainval_diagnostic.pkl.split/dair_v2x_late_fusion_rf2_ours_trainval_diagnostic.pkl.part005,41943040,6128615099900dd3bfbb3b1ea76bf55a62250be189e8755394572612ca1ba850,Part 6/7 of 02_dair_v2x_c/official_late_fusion/checkpoints/ours_rf2/dair_v2x_late_fusion_rf2_ours_trainval_diagnostic.pkl; restore with restore_split_checkpoints.py; original_sha256=488e1cf07cb2b4984c8fc44179737a0487f399c1b7b0ede765fbfe9639cb4808; original_size=269546499
DAIR-V2X-C,official_late_fusion/TCLF,RF2_box_predictor,ours_checkpoint_split_part,/raid/xuyifan/v2x_code_ckpt/checkpoints/curated/ours_models/dair_v2x_late_fusion_rf2_ours_trainval_diagnostic.pkl,02_dair_v2x_c/official_late_fusion/checkpoints/ours_rf2/dair_v2x_late_fusion_rf2_ours_trainval_diagnostic.pkl.split/dair_v2x_late_fusion_rf2_ours_trainval_diagnostic.pkl.part006,17888259,b7bbcdb0eecd3e720fb87c8be11059a6963329e54e7f55a1ce5a115796119d8c,Part 7/7 of 02_dair_v2x_c/official_late_fusion/checkpoints/ours_rf2/dair_v2x_late_fusion_rf2_ours_trainval_diagnostic.pkl; restore with restore_split_checkpoints.py; original_sha256=488e1cf07cb2b4984c8fc44179737a0487f399c1b7b0ede765fbfe9639cb4808; original_size=269546499
DAIR-V2X-C,official_late_fusion/TCLF,RF2_box_predictor,ours_checkpoint_split_part,/raid/xuyifan/v2x_code_ckpt/checkpoints/curated/ours_models/dair_v2x_late_fusion_rf2_ours.pkl,02_dair_v2x_c/official_late_fusion/checkpoints/ours_rf2/dair_v2x_late_fusion_rf2_ours.pkl.split/dair_v2x_late_fusion_rf2_ours.pkl.part000,41943040,b9d8384873f1c6cbc3a593f8cc2ac9287611a86f1232f78b50c070a2d2fd4eca,Part 1/4 of 02_dair_v2x_c/official_late_fusion/checkpoints/ours_rf2/dair_v2x_late_fusion_rf2_ours.pkl; restore with restore_split_checkpoints.py; original_sha256=10caac86f1c4ec124e463b7b1b84329a612d31fa6fcbc9711f6e433ae45c2423; original_size=165275573
DAIR-V2X-C,official_late_fusion/TCLF,RF2_box_predictor,ours_checkpoint_split_part,/raid/xuyifan/v2x_code_ckpt/checkpoints/curated/ours_models/dair_v2x_late_fusion_rf2_ours.pkl,02_dair_v2x_c/official_late_fusion/checkpoints/ours_rf2/dair_v2x_late_fusion_rf2_ours.pkl.split/dair_v2x_late_fusion_rf2_ours.pkl.part001,41943040,c3849716ff19a469e5a8f450c8f7ded231135174b8710fb508ad74c477ae840f,Part 2/4 of 02_dair_v2x_c/official_late_fusion/checkpoints/ours_rf2/dair_v2x_late_fusion_rf2_ours.pkl; restore with restore_split_checkpoints.py; original_sha256=10caac86f1c4ec124e463b7b1b84329a612d31fa6fcbc9711f6e433ae45c2423; original_size=165275573
DAIR-V2X-C,official_late_fusion/TCLF,RF2_box_predictor,ours_checkpoint_split_part,/raid/xuyifan/v2x_code_ckpt/checkpoints/curated/ours_models/dair_v2x_late_fusion_rf2_ours.pkl,02_dair_v2x_c/official_late_fusion/checkpoints/ours_rf2/dair_v2x_late_fusion_rf2_ours.pkl.split/dair_v2x_late_fusion_rf2_ours.pkl.part002,41943040,cae1ef94c60d9c4b2cc98a1374d1a5ad75f30e0e37a469ae5773a3c8a7f04f9e,Part 3/4 of 02_dair_v2x_c/official_late_fusion/checkpoints/ours_rf2/dair_v2x_late_fusion_rf2_ours.pkl; restore with restore_split_checkpoints.py; original_sha256=10caac86f1c4ec124e463b7b1b84329a612d31fa6fcbc9711f6e433ae45c2423; original_size=165275573
DAIR-V2X-C,official_late_fusion/TCLF,RF2_box_predictor,ours_checkpoint_split_part,/raid/xuyifan/v2x_code_ckpt/checkpoints/curated/ours_models/dair_v2x_late_fusion_rf2_ours.pkl,02_dair_v2x_c/official_late_fusion/checkpoints/ours_rf2/dair_v2x_late_fusion_rf2_ours.pkl.split/dair_v2x_late_fusion_rf2_ours.pkl.part003,39446453,8a1d50a4d6d3ac7e67d0fed42ffd377672938a5b3117c8fd27f759b9dfede30f,Part 4/4 of 02_dair_v2x_c/official_late_fusion/checkpoints/ours_rf2/dair_v2x_late_fusion_rf2_ours.pkl; restore with restore_split_checkpoints.py; original_sha256=10caac86f1c4ec124e463b7b1b84329a612d31fa6fcbc9711f6e433ae45c2423; original_size=165275573
DAIR-V2X-C,official_late_fusion/TCLF,strict_dual_delay,evaluation_or_training_log,/raid/xuyifan/v2x_code_ckpt/results/dair_v2x/official_baselines/logs_strict_dual_delay_20260703/late_fusion_no_comp_comm0_comp0.log,02_dair_v2x_c/official_late_fusion/logs/logs_strict_dual_delay_20260703/late_fusion_no_comp_comm0_comp0.log,92602,e03a4dccca194848898c41554c99842e23757796db71f55314ed2958c9ea9509,
DAIR-V2X-C,official_late_fusion/TCLF,strict_dual_delay,evaluation_or_training_log,/raid/xuyifan/v2x_code_ckpt/results/dair_v2x/official_baselines/logs_strict_dual_delay_20260703/late_fusion_no_comp_comm0_comp2.log,02_dair_v2x_c/official_late_fusion/logs/logs_strict_dual_delay_20260703/late_fusion_no_comp_comm0_comp2.log,59667,c369e9edc548f8c483cd4900b78838e615596a41dade21d13c07dd1b81802933,
DAIR-V2X-C,official_late_fusion/TCLF,strict_dual_delay,evaluation_or_training_log,/raid/xuyifan/v2x_code_ckpt/results/dair_v2x/official_baselines/logs_strict_dual_delay_20260703/late_fusion_no_comp_comm0_comp4.log,02_dair_v2x_c/official_late_fusion/logs/logs_strict_dual_delay_20260703/late_fusion_no_comp_comm0_comp4.log,58769,5e047a63e6ea711c4b89c496e1b3e25dd1cbc1eccf4cf3a9b441baf51df63ee0,
DAIR-V2X-C,official_late_fusion/TCLF,strict_dual_delay,evaluation_or_training_log,/raid/xuyifan/v2x_code_ckpt/results/dair_v2x/official_baselines/logs_strict_dual_delay_20260703/late_fusion_no_comp_comm1_comp0.log,02_dair_v2x_c/official_late_fusion/logs/logs_strict_dual_delay_20260703/late_fusion_no_comp_comm1_comp0.log,54495,9a1453fa3176dddc390411bbe350e866001ebfd5564b0f39d39d3a72e0128d89,
DAIR-V2X-C,official_late_fusion/TCLF,strict_dual_delay,evaluation_or_training_log,/raid/xuyifan/v2x_code_ckpt/results/dair_v2x/official_baselines/logs_strict_dual_delay_20260703/late_fusion_no_comp_comm1_comp2.log,02_dair_v2x_c/official_late_fusion/logs/logs_strict_dual_delay_20260703/late_fusion_no_comp_comm1_comp2.log,55560,c57e9f98d0bf90d4958963c61becdbae270cecf6ff215fbfe70635498848aad3,
DAIR-V2X-C,official_late_fusion/TCLF,strict_dual_delay,evaluation_or_training_log,/raid/xuyifan/v2x_code_ckpt/results/dair_v2x/official_baselines/logs_strict_dual_delay_20260703/late_fusion_no_comp_comm1_comp4.log,02_dair_v2x_c/official_late_fusion/logs/logs_strict_dual_delay_20260703/late_fusion_no_comp_comm1_comp4.log,56191,bdd6160337f8f3ac812753972b3f20af7f84e582c8b4971e423b12e64c66bfcc,
DAIR-V2X-C,official_late_fusion/TCLF,strict_dual_delay,evaluation_or_training_log,/raid/xuyifan/v2x_code_ckpt/results/dair_v2x/official_baselines/logs_strict_dual_delay_20260703/late_fusion_no_comp_comm2_comp0.log,02_dair_v2x_c/official_late_fusion/logs/logs_strict_dual_delay_20260703/late_fusion_no_comp_comm2_comp0.log,53678,ced98a5db3fb96e5a62fc19f6a0e7056bffb66ed7186d27d67a92027322f9824,
DAIR-V2X-C,official_late_fusion/TCLF,strict_dual_delay,evaluation_or_training_log,/raid/xuyifan/v2x_code_ckpt/results/dair_v2x/official_baselines/logs_strict_dual_delay_20260703/late_fusion_no_comp_comm2_comp2.log,02_dair_v2x_c/official_late_fusion/logs/logs_strict_dual_delay_20260703/late_fusion_no_comp_comm2_comp2.log,56497,2cfa7a826ffa99c93f439ea88a5fd60da608cfdd9ddd2c1c31fdfff2b0594183,
DAIR-V2X-C,official_late_fusion/TCLF,strict_dual_delay,evaluation_or_training_log,/raid/xuyifan/v2x_code_ckpt/results/dair_v2x/official_baselines/logs_strict_dual_delay_20260703/late_fusion_no_comp_comm2_comp4.log,02_dair_v2x_c/official_late_fusion/logs/logs_strict_dual_delay_20260703/late_fusion_no_comp_comm2_comp4.log,56653,042280ef5776aa9d7bbd395a38aa6541a74741644815e3b00fcc5c4c0ddc57cd,
DAIR-V2X-C,official_late_fusion/TCLF,strict_dual_delay,evaluation_or_training_log,/raid/xuyifan/v2x_code_ckpt/results/dair_v2x/official_baselines/logs_strict_dual_delay_20260703/late_fusion_no_comp_comm3_comp0.log,02_dair_v2x_c/official_late_fusion/logs/logs_strict_dual_delay_20260703/late_fusion_no_comp_comm3_comp0.log,54073,72e14e9d8d72aad7bc2b927d00643b7cc0f2d9c852eb3afdf0cf79ef734d9ce1,
DAIR-V2X-C,official_late_fusion/TCLF,strict_dual_delay,evaluation_or_training_log,/raid/xuyifan/v2x_code_ckpt/results/dair_v2x/official_baselines/logs_strict_dual_delay_20260703/late_fusion_no_comp_comm3_comp2.log,02_dair_v2x_c/official_late_fusion/logs/logs_strict_dual_delay_20260703/late_fusion_no_comp_comm3_comp2.log,57794,72bef62774cdaf45c98a679d054624324902d52efb865626408c0a9530e5ff66,
DAIR-V2X-C,official_late_fusion/TCLF,strict_dual_delay,evaluation_or_training_log,/raid/xuyifan/v2x_code_ckpt/results/dair_v2x/official_baselines/logs_strict_dual_delay_20260703/late_fusion_no_comp_comm3_comp4.log,02_dair_v2x_c/official_late_fusion/logs/logs_strict_dual_delay_20260703/late_fusion_no_comp_comm3_comp4.log,55201,7945a38e66f58603458cac916f10b2f3dc57ad01a6a67de4263177ab0bee4437,
DAIR-V2X-C,official_late_fusion/TCLF,strict_dual_delay,evaluation_or_training_log,/raid/xuyifan/v2x_code_ckpt/results/dair_v2x/official_baselines/logs_strict_dual_delay_20260703/late_fusion_no_comp_comm4_comp0.log,02_dair_v2x_c/official_late_fusion/logs/logs_strict_dual_delay_20260703/late_fusion_no_comp_comm4_comp0.log,54673,c1e8f74c8d7f7f06a614de092709cb8ecff649a86aace6628fae78cecf1183cf,
DAIR-V2X-C,official_late_fusion/TCLF,strict_dual_delay,evaluation_or_training_log,/raid/xuyifan/v2x_code_ckpt/results/dair_v2x/official_baselines/logs_strict_dual_delay_20260703/late_fusion_no_comp_comm4_comp2.log,02_dair_v2x_c/official_late_fusion/logs/logs_strict_dual_delay_20260703/late_fusion_no_comp_comm4_comp2.log,57684,95b1b3fc328cd60ac3da9dd896f1999c86e4d7309cc8b6fb0da0a925f707b212,
DAIR-V2X-C,official_late_fusion/TCLF,strict_dual_delay,evaluation_or_training_log,/raid/xuyifan/v2x_code_ckpt/results/dair_v2x/official_baselines/logs_strict_dual_delay_20260703/late_fusion_no_comp_comm4_comp4.log,02_dair_v2x_c/official_late_fusion/logs/logs_strict_dual_delay_20260703/late_fusion_no_comp_comm4_comp4.log,58622,3af42e4b38eae1725d3c3ae470f0f5f31d6529c35e31307ea83d666a4426d6d5,
DAIR-V2X-C,official_late_fusion/TCLF,strict_dual_delay,evaluation_or_training_log,/raid/xuyifan/v2x_code_ckpt/results/dair_v2x/official_baselines/logs_strict_dual_delay_20260703/late_fusion_no_comp_comm5_comp0.log,02_dair_v2x_c/official_late_fusion/logs/logs_strict_dual_delay_20260703/late_fusion_no_comp_comm5_comp0.log,54577,c5961b6563a950602833df19e51f82e382bc8411c22367a1f15eaa3572ea2419,
DAIR-V2X-C,official_late_fusion/TCLF,strict_dual_delay,evaluation_or_training_log,/raid/xuyifan/v2x_code_ckpt/results/dair_v2x/official_baselines/logs_strict_dual_delay_20260703/late_fusion_no_comp_comm5_comp2.log,02_dair_v2x_c/official_late_fusion/logs/logs_strict_dual_delay_20260703/late_fusion_no_comp_comm5_comp2.log,57369,641465f8681fbb4a3d725abcc104b4f2ebd6e1acc0fddec976c5d9ef17e97784,
DAIR-V2X-C,official_late_fusion/TCLF,strict_dual_delay,evaluation_or_training_log,/raid/xuyifan/v2x_code_ckpt/results/dair_v2x/official_baselines/logs_strict_dual_delay_20260703/late_fusion_no_comp_comm5_comp4.log,02_dair_v2x_c/official_late_fusion/logs/logs_strict_dual_delay_20260703/late_fusion_no_comp_comm5_comp4.log,58216,18315236d29f263087cea352a73d8ea990037fc62cbaea29cd8ecf13681c58e2,
DAIR-V2X-C,official_late_fusion/TCLF,strict_dual_delay,evaluation_or_training_log,/raid/xuyifan/v2x_code_ckpt/results/dair_v2x/official_baselines/logs_strict_dual_delay_20260703/late_fusion_ours_comm0_comp0.log,02_dair_v2x_c/official_late_fusion/logs/logs_strict_dual_delay_20260703/late_fusion_ours_comm0_comp0.log,53249,5161279b81967f3a17331f84aeec15fa3b7bd54ddd29f4594535642ceaea88e1,
DAIR-V2X-C,official_late_fusion/TCLF,strict_dual_delay,evaluation_or_training_log,/raid/xuyifan/v2x_code_ckpt/results/dair_v2x/official_baselines/logs_strict_dual_delay_20260703/late_fusion_ours_comm0_comp2.log,02_dair_v2x_c/official_late_fusion/logs/logs_strict_dual_delay_20260703/late_fusion_ours_comm0_comp2.log,216903,14bea316e0db257bd02b59524c17328dd691dd102837e93bca4ad3240f734ef4,
DAIR-V2X-C,official_late_fusion/TCLF,strict_dual_delay,evaluation_or_training_log,/raid/xuyifan/v2x_code_ckpt/results/dair_v2x/official_baselines/logs_strict_dual_delay_20260703/late_fusion_ours_comm0_comp4.log,02_dair_v2x_c/official_late_fusion/logs/logs_strict_dual_delay_20260703/late_fusion_ours_comm0_comp4.log,234974,c63b63deb62e9c0b0d0c1899c509a1fb46f6097cb85ce78844952ec8fbc6805c,
DAIR-V2X-C,official_late_fusion/TCLF,strict_dual_delay,evaluation_or_training_log,/raid/xuyifan/v2x_code_ckpt/results/dair_v2x/official_baselines/logs_strict_dual_delay_20260703/late_fusion_ours_comm1_comp0.log,02_dair_v2x_c/official_late_fusion/logs/logs_strict_dual_delay_20260703/late_fusion_ours_comm1_comp0.log,172084,0c8306ff6632ddce59ef0b99c5473248691d376847000a76f4a20706292a2ede,
DAIR-V2X-C,official_late_fusion/TCLF,strict_dual_delay,evaluation_or_training_log,/raid/xuyifan/v2x_code_ckpt/results/dair_v2x/official_baselines/logs_strict_dual_delay_20260703/late_fusion_ours_comm1_comp2.log,02_dair_v2x_c/official_late_fusion/logs/logs_strict_dual_delay_20260703/late_fusion_ours_comm1_comp2.log,219764,1e833e23ad7a17633305d2ef5d519d031051d4387da8f9e8f413dd3e606c2b45,
DAIR-V2X-C,official_late_fusion/TCLF,strict_dual_delay,evaluation_or_training_log,/raid/xuyifan/v2x_code_ckpt/results/dair_v2x/official_baselines/logs_strict_dual_delay_20260703/late_fusion_ours_comm1_comp4.log,02_dair_v2x_c/official_late_fusion/logs/logs_strict_dual_delay_20260703/late_fusion_ours_comm1_comp4.log,241559,0e3cfbe0c43bff41fabebf850fedc1b51d0d1b8f2c97a2a033d66a007dbbdb25,
DAIR-V2X-C,official_late_fusion/TCLF,strict_dual_delay,evaluation_or_training_log,/raid/xuyifan/v2x_code_ckpt/results/dair_v2x/official_baselines/logs_strict_dual_delay_20260703/late_fusion_ours_comm2_comp0.log,02_dair_v2x_c/official_late_fusion/logs/logs_strict_dual_delay_20260703/late_fusion_ours_comm2_comp0.log,175971,6b6fe252be21d9de43182fd7ea6b0351f4e8fe15ea602557268d3627234cfccc,
DAIR-V2X-C,official_late_fusion/TCLF,strict_dual_delay,evaluation_or_training_log,/raid/xuyifan/v2x_code_ckpt/results/dair_v2x/official_baselines/logs_strict_dual_delay_20260703/late_fusion_ours_comm2_comp2.log,02_dair_v2x_c/official_late_fusion/logs/logs_strict_dual_delay_20260703/late_fusion_ours_comm2_comp2.log,233674,0ba5616b0333ff86c0a54dbcf330b1f6665e198518ed0e655741c32329c13c9e,
DAIR-V2X-C,official_late_fusion/TCLF,strict_dual_delay,evaluation_or_training_log,/raid/xuyifan/v2x_code_ckpt/results/dair_v2x/official_baselines/logs_strict_dual_delay_20260703/late_fusion_ours_comm2_comp4.log,02_dair_v2x_c/official_late_fusion/logs/logs_strict_dual_delay_20260703/late_fusion_ours_comm2_comp4.log,240931,c77599136016ea94c076b6927c8a1bffb09d9592a119faf8836758323e76d923,
DAIR-V2X-C,official_late_fusion/TCLF,strict_dual_delay,evaluation_or_training_log,/raid/xuyifan/v2x_code_ckpt/results/dair_v2x/official_baselines/logs_strict_dual_delay_20260703/late_fusion_ours_comm3_comp0.log,02_dair_v2x_c/official_late_fusion/logs/logs_strict_dual_delay_20260703/late_fusion_ours_comm3_comp0.log,182713,85eac5b7b56f584e350ae3e6a1cb91e94290499e8c831a8e065f383139f94d3f,
DAIR-V2X-C,official_late_fusion/TCLF,strict_dual_delay,evaluation_or_training_log,/raid/xuyifan/v2x_code_ckpt/results/dair_v2x/official_baselines/logs_strict_dual_delay_20260703/late_fusion_ours_comm3_comp2.log,02_dair_v2x_c/official_late_fusion/logs/logs_strict_dual_delay_20260703/late_fusion_ours_comm3_comp2.log,244294,2b78091fa319cf80dbd497a7c3669065f8b09580a8932ffa0ee3a40752228b01,
DAIR-V2X-C,official_late_fusion/TCLF,strict_dual_delay,evaluation_or_training_log,/raid/xuyifan/v2x_code_ckpt/results/dair_v2x/official_baselines/logs_strict_dual_delay_20260703/late_fusion_ours_comm3_comp4.log,02_dair_v2x_c/official_late_fusion/logs/logs_strict_dual_delay_20260703/late_fusion_ours_comm3_comp4.log,240484,b5a7af0c64875a55fc151e3505e1a899e31419ad69146ca8a79ea9e4d84ae73d,
DAIR-V2X-C,official_late_fusion/TCLF,strict_dual_delay,evaluation_or_training_log,/raid/xuyifan/v2x_code_ckpt/results/dair_v2x/official_baselines/logs_strict_dual_delay_20260703/late_fusion_ours_comm4_comp0.log,02_dair_v2x_c/official_late_fusion/logs/logs_strict_dual_delay_20260703/late_fusion_ours_comm4_comp0.log,186578,d78354cb7d74a3a556a143f8bcaedf9a501be722becaafe0a8494cf4478ab058,
DAIR-V2X-C,official_late_fusion/TCLF,strict_dual_delay,evaluation_or_training_log,/raid/xuyifan/v2x_code_ckpt/results/dair_v2x/official_baselines/logs_strict_dual_delay_20260703/late_fusion_ours_comm4_comp2.log,02_dair_v2x_c/official_late_fusion/logs/logs_strict_dual_delay_20260703/late_fusion_ours_comm4_comp2.log,245453,749377d8433171c97db296bb52cb2c1a4265fe853aa724e5a80fdb92ab846c05,
DAIR-V2X-C,official_late_fusion/TCLF,strict_dual_delay,evaluation_or_training_log,/raid/xuyifan/v2x_code_ckpt/results/dair_v2x/official_baselines/logs_strict_dual_delay_20260703/late_fusion_ours_comm4_comp4.log,02_dair_v2x_c/official_late_fusion/logs/logs_strict_dual_delay_20260703/late_fusion_ours_comm4_comp4.log,154476,8a0355682c4d9676559418cd986257d56465c9e6bcd72a348374a32d9fa69ee0,
DAIR-V2X-C,official_late_fusion/TCLF,strict_dual_delay,evaluation_or_training_log,/raid/xuyifan/v2x_code_ckpt/results/dair_v2x/official_baselines/logs_strict_dual_delay_20260703/late_fusion_ours_comm5_comp0.log,02_dair_v2x_c/official_late_fusion/logs/logs_strict_dual_delay_20260703/late_fusion_ours_comm5_comp0.log,190386,4e2e579501d313bc01fb842077f55bf6b79a01891f14d4f811c42f48835779f5,
DAIR-V2X-C,official_late_fusion/TCLF,strict_dual_delay,evaluation_or_training_log,/raid/xuyifan/v2x_code_ckpt/results/dair_v2x/official_baselines/logs_strict_dual_delay_20260703/late_fusion_ours_comm5_comp2.log,02_dair_v2x_c/official_late_fusion/logs/logs_strict_dual_delay_20260703/late_fusion_ours_comm5_comp2.log,247308,077acd24a10faf9cdf7a33980ae0c79134ae67c18f7f18344288698db18e5dd2,
DAIR-V2X-C,official_late_fusion/TCLF,strict_dual_delay,evaluation_or_training_log,/raid/xuyifan/v2x_code_ckpt/results/dair_v2x/official_baselines/logs_strict_dual_delay_20260703/late_fusion_ours_comm5_comp4.log,02_dair_v2x_c/official_late_fusion/logs/logs_strict_dual_delay_20260703/late_fusion_ours_comm5_comp4.log,152198,2a24de5ae53c655f99bd1c0e852694d4dc0a43178b184fb344b0fbfc138c95fb,
DAIR-V2X-C,official_late_fusion/TCLF,strict_dual_delay,evaluation_or_training_log,/raid/xuyifan/v2x_code_ckpt/results/dair_v2x/official_baselines/logs_strict_dual_delay_ours_history2_rf_trainonly_20260714/late_fusion_ours_comm0_comp0.log,02_dair_v2x_c/official_late_fusion/logs/logs_strict_dual_delay_ours_history2_rf_trainonly_20260714/late_fusion_ours_comm0_comp0.log,53808,61103ba84a191b3eecb3886533f2498d7a4d39627284e18921c54ed5ad9c6d88,
DAIR-V2X-C,official_late_fusion/TCLF,strict_dual_delay,evaluation_or_training_log,/raid/xuyifan/v2x_code_ckpt/results/dair_v2x/official_baselines/logs_strict_dual_delay_ours_history2_rf_trainonly_20260714/late_fusion_ours_comm0_comp2.log,02_dair_v2x_c/official_late_fusion/logs/logs_strict_dual_delay_ours_history2_rf_trainonly_20260714/late_fusion_ours_comm0_comp2.log,137243,9c8fc390dcfd51175a17b7b26f63aa68e667ed05828f7e58a5876285d2773dad,
DAIR-V2X-C,official_late_fusion/TCLF,strict_dual_delay,evaluation_or_training_log,/raid/xuyifan/v2x_code_ckpt/results/dair_v2x/official_baselines/logs_strict_dual_delay_ours_history2_rf_trainonly_20260714/late_fusion_ours_comm0_comp4.log,02_dair_v2x_c/official_late_fusion/logs/logs_strict_dual_delay_ours_history2_rf_trainonly_20260714/late_fusion_ours_comm0_comp4.log,145194,240ec399f1b806be637c3bb67a2ab06c872db71455b9fd8291a3a412dcd4f30a,
DAIR-V2X-C,official_late_fusion/TCLF,strict_dual_delay,evaluation_or_training_log,/raid/xuyifan/v2x_code_ckpt/results/dair_v2x/official_baselines/logs_strict_dual_delay_ours_history2_rf_trainonly_20260714/late_fusion_ours_comm1_comp0.log,02_dair_v2x_c/official_late_fusion/logs/logs_strict_dual_delay_ours_history2_rf_trainonly_20260714/late_fusion_ours_comm1_comp0.log,114174,52809a071dc9e71c1f16a300ee1cbe97b97a6dc26549a62826bae0ac48fa2dd0,
DAIR-V2X-C,official_late_fusion/TCLF,strict_dual_delay,evaluation_or_training_log,/raid/xuyifan/v2x_code_ckpt/results/dair_v2x/official_baselines/logs_strict_dual_delay_ours_history2_rf_trainonly_20260714/late_fusion_ours_comm1_comp2.log,02_dair_v2x_c/official_late_fusion/logs/logs_strict_dual_delay_ours_history2_rf_trainonly_20260714/late_fusion_ours_comm1_comp2.log,139056,f8f99e4650651d9616dba310995e441a1665ab8cd925abebcaa53a1829f51022,
DAIR-V2X-C,official_late_fusion/TCLF,strict_dual_delay,evaluation_or_training_log,/raid/xuyifan/v2x_code_ckpt/results/dair_v2x/official_baselines/logs_strict_dual_delay_ours_history2_rf_trainonly_20260714/late_fusion_ours_comm1_comp4.log,02_dair_v2x_c/official_late_fusion/logs/logs_strict_dual_delay_ours_history2_rf_trainonly_20260714/late_fusion_ours_comm1_comp4.log,155234,9fcfeab5347bff9e8f7f42a4d7325aa38ae985979f216e3b40a87a1d9b3cfadf,
DAIR-V2X-C,official_late_fusion/TCLF,strict_dual_delay,evaluation_or_training_log,/raid/xuyifan/v2x_code_ckpt/results/dair_v2x/official_baselines/logs_strict_dual_delay_ours_history2_rf_trainonly_20260714/late_fusion_ours_comm2_comp0.log,02_dair_v2x_c/official_late_fusion/logs/logs_strict_dual_delay_ours_history2_rf_trainonly_20260714/late_fusion_ours_comm2_comp0.log,113097,2bcf32e882cda269eaef75f8b5565b9ba73c578c2bd751d94984686e1e4b4acf,
DAIR-V2X-C,official_late_fusion/TCLF,strict_dual_delay,evaluation_or_training_log,/raid/xuyifan/v2x_code_ckpt/results/dair_v2x/official_baselines/logs_strict_dual_delay_ours_history2_rf_trainonly_20260714/late_fusion_ours_comm2_comp2.log,02_dair_v2x_c/official_late_fusion/logs/logs_strict_dual_delay_ours_history2_rf_trainonly_20260714/late_fusion_ours_comm2_comp2.log,144509,041d51963aab342e7bf7211fbb41b9696f141cfb5b6fa45f18e9045d026ece54,
DAIR-V2X-C,official_late_fusion/TCLF,strict_dual_delay,evaluation_or_training_log,/raid/xuyifan/v2x_code_ckpt/results/dair_v2x/official_baselines/logs_strict_dual_delay_ours_history2_rf_trainonly_20260714/late_fusion_ours_comm2_comp4.log,02_dair_v2x_c/official_late_fusion/logs/logs_strict_dual_delay_ours_history2_rf_trainonly_20260714/late_fusion_ours_comm2_comp4.log,156053,be30007dbd6122d320f66160e16b90fdc219ac9f6a8c9391325469e21aabecd1,
DAIR-V2X-C,official_late_fusion/TCLF,strict_dual_delay,evaluation_or_training_log,/raid/xuyifan/v2x_code_ckpt/results/dair_v2x/official_baselines/logs_strict_dual_delay_ours_history2_rf_trainonly_20260714/late_fusion_ours_comm3_comp0.log,02_dair_v2x_c/official_late_fusion/logs/logs_strict_dual_delay_ours_history2_rf_trainonly_20260714/late_fusion_ours_comm3_comp0.log,112391,15ff48fa751ede7f848a7415e27bf47d1cd85fcc139e0de2fec75aef580cca9a,
DAIR-V2X-C,official_late_fusion/TCLF,strict_dual_delay,evaluation_or_training_log,/raid/xuyifan/v2x_code_ckpt/results/dair_v2x/official_baselines/logs_strict_dual_delay_ours_history2_rf_trainonly_20260714/late_fusion_ours_comm3_comp2.log,02_dair_v2x_c/official_late_fusion/logs/logs_strict_dual_delay_ours_history2_rf_trainonly_20260714/late_fusion_ours_comm3_comp2.log,154350,d56bc40a2bce9b9a36c19565ecc0ae417395fca980d37e1c5f698e8e7196274d,
DAIR-V2X-C,official_late_fusion/TCLF,strict_dual_delay,evaluation_or_training_log,/raid/xuyifan/v2x_code_ckpt/results/dair_v2x/official_baselines/logs_strict_dual_delay_ours_history2_rf_trainonly_20260714/late_fusion_ours_comm3_comp4.log,02_dair_v2x_c/official_late_fusion/logs/logs_strict_dual_delay_ours_history2_rf_trainonly_20260714/late_fusion_ours_comm3_comp4.log,158217,53ffb1802f7515d978a8d24d0440fcd002c3cb0a6c71eb673438d5e6d413f10b,
DAIR-V2X-C,official_late_fusion/TCLF,strict_dual_delay,evaluation_or_training_log,/raid/xuyifan/v2x_code_ckpt/results/dair_v2x/official_baselines/logs_strict_dual_delay_ours_history2_rf_trainonly_20260714/late_fusion_ours_comm4_comp0.log,02_dair_v2x_c/official_late_fusion/logs/logs_strict_dual_delay_ours_history2_rf_trainonly_20260714/late_fusion_ours_comm4_comp0.log,118269,708694d0a8796916417df9850605acb49eea6b5afed22fd37ac642fb7c3710b0,
DAIR-V2X-C,official_late_fusion/TCLF,strict_dual_delay,evaluation_or_training_log,/raid/xuyifan/v2x_code_ckpt/results/dair_v2x/official_baselines/logs_strict_dual_delay_ours_history2_rf_trainonly_20260714/late_fusion_ours_comm4_comp2.log,02_dair_v2x_c/official_late_fusion/logs/logs_strict_dual_delay_ours_history2_rf_trainonly_20260714/late_fusion_ours_comm4_comp2.log,153776,05de6b79099d6d596624bf79b5de12208e1a4dbd1c635457b32cc9621f512d0e,
DAIR-V2X-C,official_late_fusion/TCLF,strict_dual_delay,evaluation_or_training_log,/raid/xuyifan/v2x_code_ckpt/results/dair_v2x/official_baselines/logs_strict_dual_delay_ours_history2_rf_trainonly_20260714/late_fusion_ours_comm4_comp4.log,02_dair_v2x_c/official_late_fusion/logs/logs_strict_dual_delay_ours_history2_rf_trainonly_20260714/late_fusion_ours_comm4_comp4.log,158607,340f1e4bb2e549708ec296d13ebf86dad2fa3152ce1bd8707ecd698b64279d05,
DAIR-V2X-C,official_late_fusion/TCLF,strict_dual_delay,evaluation_or_training_log,/raid/xuyifan/v2x_code_ckpt/results/dair_v2x/official_baselines/logs_strict_dual_delay_ours_history2_rf_trainonly_20260714/late_fusion_ours_comm5_comp0.log,02_dair_v2x_c/official_late_fusion/logs/logs_strict_dual_delay_ours_history2_rf_trainonly_20260714/late_fusion_ours_comm5_comp0.log,122928,70d8154c7f5390c3fc718faf24000a25643e7ca24cdd33559c388407e628e1fb,
DAIR-V2X-C,official_late_fusion/TCLF,strict_dual_delay,evaluation_or_training_log,/raid/xuyifan/v2x_code_ckpt/results/dair_v2x/official_baselines/logs_strict_dual_delay_ours_history2_rf_trainonly_20260714/late_fusion_ours_comm5_comp2.log,02_dair_v2x_c/official_late_fusion/logs/logs_strict_dual_delay_ours_history2_rf_trainonly_20260714/late_fusion_ours_comm5_comp2.log,155933,f449e016b322cb71e0c3d4b8ccf8aee28496b4cf5d715fddfe82b4b4b723ef39,
DAIR-V2X-C,official_late_fusion/TCLF,strict_dual_delay,evaluation_or_training_log,/raid/xuyifan/v2x_code_ckpt/results/dair_v2x/official_baselines/logs_strict_dual_delay_ours_history2_rf_trainonly_20260714/late_fusion_ours_comm5_comp4.log,02_dair_v2x_c/official_late_fusion/logs/logs_strict_dual_delay_ours_history2_rf_trainonly_20260714/late_fusion_ours_comm5_comp4.log,155565,4870899865d149d99491bbbef870636ebbd362cf48f4118c72f7e72ef95f9439,
DAIR-V2X-C,official_late_fusion/TCLF,strict_dual_delay,evaluation_or_training_log,/raid/xuyifan/v2x_code_ckpt/results/dair_v2x/official_baselines/logs_strict_dual_delay_ours_history2_rf_trainval_diag_20260714/late_fusion_ours_comm0_comp0.log,02_dair_v2x_c/official_late_fusion/logs/logs_strict_dual_delay_ours_history2_rf_trainval_diag_20260714/late_fusion_ours_comm0_comp0.log,53697,19ca2bd734bfe07fa3750995fb66f6adea091297b21a419b63840316b7af77fe,
DAIR-V2X-C,official_late_fusion/TCLF,strict_dual_delay,evaluation_or_training_log,/raid/xuyifan/v2x_code_ckpt/results/dair_v2x/official_baselines/logs_strict_dual_delay_ours_history2_rf_trainval_diag_20260714/late_fusion_ours_comm0_comp2.log,02_dair_v2x_c/official_late_fusion/logs/logs_strict_dual_delay_ours_history2_rf_trainval_diag_20260714/late_fusion_ours_comm0_comp2.log,138304,9e70ddc50fc9699d170c21c0ba8f77d4c83f459da5597e595e08d9ae936c4068,
DAIR-V2X-C,official_late_fusion/TCLF,strict_dual_delay,evaluation_or_training_log,/raid/xuyifan/v2x_code_ckpt/results/dair_v2x/official_baselines/logs_strict_dual_delay_ours_history2_rf_trainval_diag_20260714/late_fusion_ours_comm0_comp4.log,02_dair_v2x_c/official_late_fusion/logs/logs_strict_dual_delay_ours_history2_rf_trainval_diag_20260714/late_fusion_ours_comm0_comp4.log,143516,f1383073192368d6ce05d1c560532d6cab49025617f5cd0a93497fb69d0a3a2a,
DAIR-V2X-C,official_late_fusion/TCLF,strict_dual_delay,evaluation_or_training_log,/raid/xuyifan/v2x_code_ckpt/results/dair_v2x/official_baselines/logs_strict_dual_delay_ours_history2_rf_trainval_diag_20260714/late_fusion_ours_comm1_comp0.log,02_dair_v2x_c/official_late_fusion/logs/logs_strict_dual_delay_ours_history2_rf_trainval_diag_20260714/late_fusion_ours_comm1_comp0.log,114907,8c103e79ccaa7883417c8c1f2c731d6fd53f13ae4688d99d0d178ee1253c94cd,
DAIR-V2X-C,official_late_fusion/TCLF,strict_dual_delay,evaluation_or_training_log,/raid/xuyifan/v2x_code_ckpt/results/dair_v2x/official_baselines/logs_strict_dual_delay_ours_history2_rf_trainval_diag_20260714/late_fusion_ours_comm1_comp2.log,02_dair_v2x_c/official_late_fusion/logs/logs_strict_dual_delay_ours_history2_rf_trainval_diag_20260714/late_fusion_ours_comm1_comp2.log,134465,b9c524f93ca74b26ffa6a804cf22ef2b5dee4817421451c3dea3de0ce8f0e060,
DAIR-V2X-C,official_late_fusion/TCLF,strict_dual_delay,evaluation_or_training_log,/raid/xuyifan/v2x_code_ckpt/results/dair_v2x/official_baselines/logs_strict_dual_delay_ours_history2_rf_trainval_diag_20260714/late_fusion_ours_comm1_comp4.log,02_dair_v2x_c/official_late_fusion/logs/logs_strict_dual_delay_ours_history2_rf_trainval_diag_20260714/late_fusion_ours_comm1_comp4.log,154560,f8563dbee096dfc64d00d7580894c886b23ea574e52944f093137e9058928e9b,
DAIR-V2X-C,official_late_fusion/TCLF,strict_dual_delay,evaluation_or_training_log,/raid/xuyifan/v2x_code_ckpt/results/dair_v2x/official_baselines/logs_strict_dual_delay_ours_history2_rf_trainval_diag_20260714/late_fusion_ours_comm2_comp0.log,02_dair_v2x_c/official_late_fusion/logs/logs_strict_dual_delay_ours_history2_rf_trainval_diag_20260714/late_fusion_ours_comm2_comp0.log,113369,5895547589cf81b3af33c68cf6f569776c882aaa21f6965ec1b0957c55d57054,
DAIR-V2X-C,official_late_fusion/TCLF,strict_dual_delay,evaluation_or_training_log,/raid/xuyifan/v2x_code_ckpt/results/dair_v2x/official_baselines/logs_strict_dual_delay_ours_history2_rf_trainval_diag_20260714/late_fusion_ours_comm2_comp2.log,02_dair_v2x_c/official_late_fusion/logs/logs_strict_dual_delay_ours_history2_rf_trainval_diag_20260714/late_fusion_ours_comm2_comp2.log,144130,b1d9b8796b4363ad564b719c5995dc6c92e52e584a599065430a650675a261d8,
DAIR-V2X-C,official_late_fusion/TCLF,strict_dual_delay,evaluation_or_training_log,/raid/xuyifan/v2x_code_ckpt/results/dair_v2x/official_baselines/logs_strict_dual_delay_ours_history2_rf_trainval_diag_20260714/late_fusion_ours_comm2_comp4.log,02_dair_v2x_c/official_late_fusion/logs/logs_strict_dual_delay_ours_history2_rf_trainval_diag_20260714/late_fusion_ours_comm2_comp4.log,154176,b4c7a79b9adbd42a34ec9874ebf8c550f8be985a8b1a99257a4fca552f249230,
DAIR-V2X-C,official_late_fusion/TCLF,strict_dual_delay,evaluation_or_training_log,/raid/xuyifan/v2x_code_ckpt/results/dair_v2x/official_baselines/logs_strict_dual_delay_ours_history2_rf_trainval_diag_20260714/late_fusion_ours_comm3_comp0.log,02_dair_v2x_c/official_late_fusion/logs/logs_strict_dual_delay_ours_history2_rf_trainval_diag_20260714/late_fusion_ours_comm3_comp0.log,112147,4e11f240f3fa28092940e905bbc53b225b632d4e13e9976cc491b23458762ae3,
DAIR-V2X-C,official_late_fusion/TCLF,strict_dual_delay,evaluation_or_training_log,/raid/xuyifan/v2x_code_ckpt/results/dair_v2x/official_baselines/logs_strict_dual_delay_ours_history2_rf_trainval_diag_20260714/late_fusion_ours_comm3_comp2.log,02_dair_v2x_c/official_late_fusion/logs/logs_strict_dual_delay_ours_history2_rf_trainval_diag_20260714/late_fusion_ours_comm3_comp2.log,153543,0e104abf91905a044f0b031e42feb0d62e1d480da6952dbb575e2254114e1410,
DAIR-V2X-C,official_late_fusion/TCLF,strict_dual_delay,evaluation_or_training_log,/raid/xuyifan/v2x_code_ckpt/results/dair_v2x/official_baselines/logs_strict_dual_delay_ours_history2_rf_trainval_diag_20260714/late_fusion_ours_comm3_comp4.log,02_dair_v2x_c/official_late_fusion/logs/logs_strict_dual_delay_ours_history2_rf_trainval_diag_20260714/late_fusion_ours_comm3_comp4.log,154839,5dbc326aeb47174d8828f9ff22e88c7d1384ba07038b25a3bc45b42acd735a46,
DAIR-V2X-C,official_late_fusion/TCLF,strict_dual_delay,evaluation_or_training_log,/raid/xuyifan/v2x_code_ckpt/results/dair_v2x/official_baselines/logs_strict_dual_delay_ours_history2_rf_trainval_diag_20260714/late_fusion_ours_comm4_comp0.log,02_dair_v2x_c/official_late_fusion/logs/logs_strict_dual_delay_ours_history2_rf_trainval_diag_20260714/late_fusion_ours_comm4_comp0.log,117554,c1048966efef2c15f4960cff4fd9ec1985fa1594a102118e432e3ade58b65cb0,
DAIR-V2X-C,official_late_fusion/TCLF,strict_dual_delay,evaluation_or_training_log,/raid/xuyifan/v2x_code_ckpt/results/dair_v2x/official_baselines/logs_strict_dual_delay_ours_history2_rf_trainval_diag_20260714/late_fusion_ours_comm4_comp2.log,02_dair_v2x_c/official_late_fusion/logs/logs_strict_dual_delay_ours_history2_rf_trainval_diag_20260714/late_fusion_ours_comm4_comp2.log,152514,03736767dc8f4302248cc9a1988afde5829e41ae93bc96c412443d8f83e7f24d,
DAIR-V2X-C,official_late_fusion/TCLF,strict_dual_delay,evaluation_or_training_log,/raid/xuyifan/v2x_code_ckpt/results/dair_v2x/official_baselines/logs_strict_dual_delay_ours_history2_rf_trainval_diag_20260714/late_fusion_ours_comm4_comp4.log,02_dair_v2x_c/official_late_fusion/logs/logs_strict_dual_delay_ours_history2_rf_trainval_diag_20260714/late_fusion_ours_comm4_comp4.log,155796,90b634084eae597e11f7e8be27b28bdda5b95410951b3e986d4b27183dd08030,
DAIR-V2X-C,official_late_fusion/TCLF,strict_dual_delay,evaluation_or_training_log,/raid/xuyifan/v2x_code_ckpt/results/dair_v2x/official_baselines/logs_strict_dual_delay_ours_history2_rf_trainval_diag_20260714/late_fusion_ours_comm5_comp0.log,02_dair_v2x_c/official_late_fusion/logs/logs_strict_dual_delay_ours_history2_rf_trainval_diag_20260714/late_fusion_ours_comm5_comp0.log,121892,361568877e6d39fba536041db89e51f448695ef5e086949958d067d2758f6585,
DAIR-V2X-C,official_late_fusion/TCLF,strict_dual_delay,evaluation_or_training_log,/raid/xuyifan/v2x_code_ckpt/results/dair_v2x/official_baselines/logs_strict_dual_delay_ours_history2_rf_trainval_diag_20260714/late_fusion_ours_comm5_comp2.log,02_dair_v2x_c/official_late_fusion/logs/logs_strict_dual_delay_ours_history2_rf_trainval_diag_20260714/late_fusion_ours_comm5_comp2.log,155749,d34ca84bb9bbbeeb3c81750b6534f8d8022e6b7f7a08d4a86b9d17e11786d433,
DAIR-V2X-C,official_late_fusion/TCLF,strict_dual_delay,evaluation_or_training_log,/raid/xuyifan/v2x_code_ckpt/results/dair_v2x/official_baselines/logs_strict_dual_delay_ours_history2_rf_trainval_diag_20260714/late_fusion_ours_comm5_comp4.log,02_dair_v2x_c/official_late_fusion/logs/logs_strict_dual_delay_ours_history2_rf_trainval_diag_20260714/late_fusion_ours_comm5_comp4.log,155274,15c4126962847f84b4e18a229ae8b44b24313ee95945d5476fc3d294fe3055e1,
DAIR-V2X-C,official_late_fusion/TCLF,strict_dual_delay,evaluation_or_training_log,/raid/xuyifan/v2x_code_ckpt/results/dair_v2x/official_baselines/logs_strict_dual_delay_tclf_receiver_20260704/late_fusion_tclf_comm0_comp0.log,02_dair_v2x_c/official_late_fusion/logs/logs_strict_dual_delay_tclf_receiver_20260704/late_fusion_tclf_comm0_comp0.log,54046,439f163752fc6b3075b4620efe8b9e23c19b44bc0a1dac2f47b9ef01a22884c3,
DAIR-V2X-C,official_late_fusion/TCLF,strict_dual_delay,evaluation_or_training_log,/raid/xuyifan/v2x_code_ckpt/results/dair_v2x/official_baselines/logs_strict_dual_delay_tclf_receiver_20260704/late_fusion_tclf_comm0_comp2.log,02_dair_v2x_c/official_late_fusion/logs/logs_strict_dual_delay_tclf_receiver_20260704/late_fusion_tclf_comm0_comp2.log,183295,c4df26de9290c8ade1ed0cbe19fc5e58ba7c07d29bc9dc3a4fe17e22bfd443c1,
DAIR-V2X-C,official_late_fusion/TCLF,strict_dual_delay,evaluation_or_training_log,/raid/xuyifan/v2x_code_ckpt/results/dair_v2x/official_baselines/logs_strict_dual_delay_tclf_receiver_20260704/late_fusion_tclf_comm0_comp4.log,02_dair_v2x_c/official_late_fusion/logs/logs_strict_dual_delay_tclf_receiver_20260704/late_fusion_tclf_comm0_comp4.log,195575,fbea11ce52cde8e246b036cb2bac8812b304815fec293688c242d4b94525119c,
DAIR-V2X-C,official_late_fusion/TCLF,strict_dual_delay,evaluation_or_training_log,/raid/xuyifan/v2x_code_ckpt/results/dair_v2x/official_baselines/logs_strict_dual_delay_tclf_receiver_20260704/late_fusion_tclf_comm1_comp0.log,02_dair_v2x_c/official_late_fusion/logs/logs_strict_dual_delay_tclf_receiver_20260704/late_fusion_tclf_comm1_comp0.log,172008,5fc9358614004caa5a9cff4fcf1096965b9a26eb49d6c4071b155da526bfac8f,
DAIR-V2X-C,official_late_fusion/TCLF,strict_dual_delay,evaluation_or_training_log,/raid/xuyifan/v2x_code_ckpt/results/dair_v2x/official_baselines/logs_strict_dual_delay_tclf_receiver_20260704/late_fusion_tclf_comm1_comp2.log,02_dair_v2x_c/official_late_fusion/logs/logs_strict_dual_delay_tclf_receiver_20260704/late_fusion_tclf_comm1_comp2.log,190971,cde61203b8a25fb4458cddc606e831629dab646ed0786697ea41cced4f51877c,
DAIR-V2X-C,official_late_fusion/TCLF,strict_dual_delay,evaluation_or_training_log,/raid/xuyifan/v2x_code_ckpt/results/dair_v2x/official_baselines/logs_strict_dual_delay_tclf_receiver_20260704/late_fusion_tclf_comm1_comp4.log,02_dair_v2x_c/official_late_fusion/logs/logs_strict_dual_delay_tclf_receiver_20260704/late_fusion_tclf_comm1_comp4.log,196065,c97b2b839e37332a520c1fd581bd524092a0e1941d11d7d07478e3b866519f53,
DAIR-V2X-C,official_late_fusion/TCLF,strict_dual_delay,evaluation_or_training_log,/raid/xuyifan/v2x_code_ckpt/results/dair_v2x/official_baselines/logs_strict_dual_delay_tclf_receiver_20260704/late_fusion_tclf_comm2_comp0.log,02_dair_v2x_c/official_late_fusion/logs/logs_strict_dual_delay_tclf_receiver_20260704/late_fusion_tclf_comm2_comp0.log,176380,f8e1e188d92543bb622bafa15a3308232114db94337574683f48975038175620,
DAIR-V2X-C,official_late_fusion/TCLF,strict_dual_delay,evaluation_or_training_log,/raid/xuyifan/v2x_code_ckpt/results/dair_v2x/official_baselines/logs_strict_dual_delay_tclf_receiver_20260704/late_fusion_tclf_comm2_comp2.log,02_dair_v2x_c/official_late_fusion/logs/logs_strict_dual_delay_tclf_receiver_20260704/late_fusion_tclf_comm2_comp2.log,197590,3947c0cb2c01f68f6a8c5f642cb0e31e303cf98f31d4426f0cd4523e0f1539a4,
DAIR-V2X-C,official_late_fusion/TCLF,strict_dual_delay,evaluation_or_training_log,/raid/xuyifan/v2x_code_ckpt/results/dair_v2x/official_baselines/logs_strict_dual_delay_tclf_receiver_20260704/late_fusion_tclf_comm2_comp4.log,02_dair_v2x_c/official_late_fusion/logs/logs_strict_dual_delay_tclf_receiver_20260704/late_fusion_tclf_comm2_comp4.log,198516,e6e5786f7faa0834cf84c2921a0542485931569de62b29eb0f2847042a1ead7c,
DAIR-V2X-C,official_late_fusion/TCLF,strict_dual_delay,evaluation_or_training_log,/raid/xuyifan/v2x_code_ckpt/results/dair_v2x/official_baselines/logs_strict_dual_delay_tclf_receiver_20260704/late_fusion_tclf_comm3_comp0.log,02_dair_v2x_c/official_late_fusion/logs/logs_strict_dual_delay_tclf_receiver_20260704/late_fusion_tclf_comm3_comp0.log,183375,77226f147f1e898a3ad9503e75a604f839574ad8c93f427907093142e1147514,
DAIR-V2X-C,official_late_fusion/TCLF,strict_dual_delay,evaluation_or_training_log,/raid/xuyifan/v2x_code_ckpt/results/dair_v2x/official_baselines/logs_strict_dual_delay_tclf_receiver_20260704/late_fusion_tclf_comm3_comp2.log,02_dair_v2x_c/official_late_fusion/logs/logs_strict_dual_delay_tclf_receiver_20260704/late_fusion_tclf_comm3_comp2.log,199240,2bbaec30088510b82f6da3a4de73e1783b8c1b68e9f697292a2653e6b470ca71,
DAIR-V2X-C,official_late_fusion/TCLF,strict_dual_delay,evaluation_or_training_log,/raid/xuyifan/v2x_code_ckpt/results/dair_v2x/official_baselines/logs_strict_dual_delay_tclf_receiver_20260704/late_fusion_tclf_comm3_comp4.log,02_dair_v2x_c/official_late_fusion/logs/logs_strict_dual_delay_tclf_receiver_20260704/late_fusion_tclf_comm3_comp4.log,199328,b964561307fd18124e927977131fecd0d188f751da58a61b5e3e618488398e54,
DAIR-V2X-C,official_late_fusion/TCLF,strict_dual_delay,evaluation_or_training_log,/raid/xuyifan/v2x_code_ckpt/results/dair_v2x/official_baselines/logs_strict_dual_delay_tclf_receiver_20260704/late_fusion_tclf_comm4_comp0.log,02_dair_v2x_c/official_late_fusion/logs/logs_strict_dual_delay_tclf_receiver_20260704/late_fusion_tclf_comm4_comp0.log,188617,a15d98af4d6134430def59fde3b222e487f413bad0f3bcc954a3f14af2bea830,
DAIR-V2X-C,official_late_fusion/TCLF,strict_dual_delay,evaluation_or_training_log,/raid/xuyifan/v2x_code_ckpt/results/dair_v2x/official_baselines/logs_strict_dual_delay_tclf_receiver_20260704/late_fusion_tclf_comm4_comp2.log,02_dair_v2x_c/official_late_fusion/logs/logs_strict_dual_delay_tclf_receiver_20260704/late_fusion_tclf_comm4_comp2.log,199981,47feb12c8486de11f247709cdd4487bccd646cd9d9395e736be93e8cb0a113e1,
DAIR-V2X-C,official_late_fusion/TCLF,strict_dual_delay,evaluation_or_training_log,/raid/xuyifan/v2x_code_ckpt/results/dair_v2x/official_baselines/logs_strict_dual_delay_tclf_receiver_20260704/late_fusion_tclf_comm4_comp4.log,02_dair_v2x_c/official_late_fusion/logs/logs_strict_dual_delay_tclf_receiver_20260704/late_fusion_tclf_comm4_comp4.log,196441,5e03301b03d79e2126b6f0ca22851461cca58d35a20792a9d4966377fc8454ee,
DAIR-V2X-C,official_late_fusion/TCLF,strict_dual_delay,evaluation_or_training_log,/raid/xuyifan/v2x_code_ckpt/results/dair_v2x/official_baselines/logs_strict_dual_delay_tclf_receiver_20260704/late_fusion_tclf_comm5_comp0.log,02_dair_v2x_c/official_late_fusion/logs/logs_strict_dual_delay_tclf_receiver_20260704/late_fusion_tclf_comm5_comp0.log,190142,0c74eb79a4f3891bc55286da33eb6c299f5df3bb65e8a8e29cf916360114ac19,
DAIR-V2X-C,official_late_fusion/TCLF,strict_dual_delay,evaluation_or_training_log,/raid/xuyifan/v2x_code_ckpt/results/dair_v2x/official_baselines/logs_strict_dual_delay_tclf_receiver_20260704/late_fusion_tclf_comm5_comp2.log,02_dair_v2x_c/official_late_fusion/logs/logs_strict_dual_delay_tclf_receiver_20260704/late_fusion_tclf_comm5_comp2.log,198140,cd735801699ae7487ead41f20fe720115a8847d915a763a70dfd3de3b2a57557,
DAIR-V2X-C,official_late_fusion/TCLF,strict_dual_delay,evaluation_or_training_log,/raid/xuyifan/v2x_code_ckpt/results/dair_v2x/official_baselines/logs_strict_dual_delay_tclf_receiver_20260704/late_fusion_tclf_comm5_comp4.log,02_dair_v2x_c/official_late_fusion/logs/logs_strict_dual_delay_tclf_receiver_20260704/late_fusion_tclf_comm5_comp4.log,195363,21683e39c955683dd77c4041b563e393d4cad6e41c8b5e76f98f280c194fc0cc,
DAIR-V2X-C,official_late_fusion/TCLF,strict_dual_delay,evaluation_or_training_log,/raid/xuyifan/v2x_code_ckpt/results/dair_v2x/official_baselines/logs_train_cache_20260714/late_fusion_no_comp_train_cache.log,02_dair_v2x_c/official_late_fusion/logs/logs_train_cache_20260714/late_fusion_no_comp_train_cache.log,32971,a2b8caae5ccd1c9bebde27db99187544a81f6b4061397ce87c8013ff148bd4c1,
DAIR-V2X-C,official_late_fusion/TCLF,strict_dual_delay,evaluation_or_training_log,/raid/xuyifan/v2x_code_ckpt/results/dair_v2x/official_baselines/logs_train_cache_20260714/late_fusion_no_comp_train_cache_full_gpu0_resume.log,02_dair_v2x_c/official_late_fusion/logs/logs_train_cache_20260714/late_fusion_no_comp_train_cache_full_gpu0_resume.log,213172,0f68828874085eef1ed1ea07e47044762c4a8d12b2b5e6a1e24039c16c3ecc3b,
DAIR-V2X-C,official_late_fusion/TCLF,strict_dual_delay,evaluation_or_training_log,/raid/xuyifan/v2x_code_ckpt/results/dair_v2x/official_baselines/logs_train_cache_20260714/late_fusion_no_comp_train_cache_shard0_gpu0.log,02_dair_v2x_c/official_late_fusion/logs/logs_train_cache_20260714/late_fusion_no_comp_train_cache_shard0_gpu0.log,7893,bb6ce41f1ed02bb13f71fe2be0d5c4c390cbad0e49bd48299c1aec3320db6d82,
DAIR-V2X-C,official_late_fusion/TCLF,strict_dual_delay,evaluation_or_training_log,/raid/xuyifan/v2x_code_ckpt/results/dair_v2x/official_baselines/logs_train_cache_20260714/late_fusion_no_comp_train_cache_shard1_gpu1.log,02_dair_v2x_c/official_late_fusion/logs/logs_train_cache_20260714/late_fusion_no_comp_train_cache_shard1_gpu1.log,4741,e3f8b8fe49afffcbe08443b7460e758b9350beda9b7f75b35188e94d95fe98ed,
DAIR-V2X-C,official_late_fusion/TCLF,strict_dual_delay,evaluation_or_training_log,/raid/xuyifan/v2x_code_ckpt/results/dair_v2x/official_baselines/logs_train_cache_20260714/late_fusion_no_comp_train_cache_shard2_gpu2.log,02_dair_v2x_c/official_late_fusion/logs/logs_train_cache_20260714/late_fusion_no_comp_train_cache_shard2_gpu2.log,5506,44e506f5c2d1774816b37fd89778299e02a1778f70378e26d3f187e6fdb05724,
DAIR-V2X-C,official_late_fusion/TCLF,strict_dual_delay,evaluation_or_training_log,/raid/xuyifan/v2x_code_ckpt/results/dair_v2x/official_baselines/logs_train_cache_20260714/late_fusion_no_comp_train_cache_shard3_gpu3.log,02_dair_v2x_c/official_late_fusion/logs/logs_train_cache_20260714/late_fusion_no_comp_train_cache_shard3_gpu3.log,4639,c1f7d601c50872bd744c40d377e0b50939275a5ebb73bd0655694326656b249d,
DAIR-V2X-C,official_late_fusion/TCLF,strict_dual_delay,evaluation_or_training_log,/raid/xuyifan/v2x_code_ckpt/results/dair_v2x/official_baselines/logs_train_cache_20260714/late_fusion_no_comp_train_cache_shard4_gpu4.log,02_dair_v2x_c/official_late_fusion/logs/logs_train_cache_20260714/late_fusion_no_comp_train_cache_shard4_gpu4.log,5657,f61001ab66291f8a48c808d8a3545d50ae1ee38a0df0d58516c0337b0c79bdf1,
DAIR-V2X-C,official_late_fusion/TCLF,strict_dual_delay,evaluation_or_training_log,/raid/xuyifan/v2x_code_ckpt/results/dair_v2x/official_baselines/logs_train_cache_20260714/late_fusion_no_comp_train_cache_shard5_gpu6.log,02_dair_v2x_c/official_late_fusion/logs/logs_train_cache_20260714/late_fusion_no_comp_train_cache_shard5_gpu6.log,5047,f85f60b83f828c5062d01036c0540ce4e5f1091d5cad91b56e08d351c254ffa3,
DAIR-V2X-C,official_late_fusion/TCLF,strict_dual_delay,evaluation_or_training_log,/raid/xuyifan/v2x_code_ckpt/results/dair_v2x/official_baselines/logs_train_cache_20260714/sharded_splits/cooperative-split-data-train-shard0.json,02_dair_v2x_c/official_late_fusion/logs/logs_train_cache_20260714/sharded_splits/cooperative-split-data-train-shard0.json,769413,e80ea0ed8c3afcdc3af810e2db7bf5fcbcd88554d59f19f39432835739f8ad28,
DAIR-V2X-C,official_late_fusion/TCLF,strict_dual_delay,evaluation_or_training_log,/raid/xuyifan/v2x_code_ckpt/results/dair_v2x/official_baselines/logs_train_cache_20260714/sharded_splits/cooperative-split-data-train-shard1.json,02_dair_v2x_c/official_late_fusion/logs/logs_train_cache_20260714/sharded_splits/cooperative-split-data-train-shard1.json,769397,0445dcb66c6b7aced8348d118c13087ee3c29e3827ad6159c7ed7c8d446ddcf7,
DAIR-V2X-C,official_late_fusion/TCLF,strict_dual_delay,evaluation_or_training_log,/raid/xuyifan/v2x_code_ckpt/results/dair_v2x/official_baselines/logs_train_cache_20260714/sharded_splits/cooperative-split-data-train-shard2.json,02_dair_v2x_c/official_late_fusion/logs/logs_train_cache_20260714/sharded_splits/cooperative-split-data-train-shard2.json,769397,75bb70b4ca829ef8985e5d22682650c5c868bb5c4eb6e8d5fa45146ae373198f,
DAIR-V2X-C,official_late_fusion/TCLF,strict_dual_delay,evaluation_or_training_log,/raid/xuyifan/v2x_code_ckpt/results/dair_v2x/official_baselines/logs_train_cache_20260714/sharded_splits/cooperative-split-data-train-shard3.json,02_dair_v2x_c/official_late_fusion/logs/logs_train_cache_20260714/sharded_splits/cooperative-split-data-train-shard3.json,769397,65a382f2f3025db3aa33ed624187e95bc886b286c36ec2e3a4d426472113ad15,
DAIR-V2X-C,official_late_fusion/TCLF,strict_dual_delay,evaluation_or_training_log,/raid/xuyifan/v2x_code_ckpt/results/dair_v2x/official_baselines/logs_train_cache_20260714/sharded_splits/cooperative-split-data-train-shard4.json,02_dair_v2x_c/official_late_fusion/logs/logs_train_cache_20260714/sharded_splits/cooperative-split-data-train-shard4.json,769397,67b9fe9f0c5355ce07d3e23ce691aefa5ff92a15d36ca13c5a0d41c6f39b88e2,
DAIR-V2X-C,official_late_fusion/TCLF,strict_dual_delay,evaluation_or_training_log,/raid/xuyifan/v2x_code_ckpt/results/dair_v2x/official_baselines/logs_train_cache_20260714/sharded_splits/cooperative-split-data-train-shard5.json,02_dair_v2x_c/official_late_fusion/logs/logs_train_cache_20260714/sharded_splits/cooperative-split-data-train-shard5.json,769397,bd577c4d2fe476c1de30c44737080abd6583f2ce9a112d1e9dc3b0153e08b3a5,
DAIR-V2X-C,DATA,strict_dual_delay_ifam_and_box_diagnostics,result_csv,/raid/xuyifan/v2x_code_ckpt/results/260615_fill/artifacts/dair_data_strict_dual_delay_none_ours_20260706.csv,02_dair_v2x_c/DATA/results/dair_data_strict_dual_delay_none_ours_20260706.csv,10489,4b7d31b99c4ac0a9b49bb7eb2956a934c3143cce1a12fc0b3550603183b9ce32,
DAIR-V2X-C,DATA,strict_dual_delay_ifam_and_box_diagnostics,result_csv,/raid/xuyifan/v2x_code_ckpt/results/260615_fill/artifacts/dair_data_ifam_feature_t10n10_ours_20260707.csv,02_dair_v2x_c/DATA/results/dair_data_ifam_feature_t10n10_ours_20260707.csv,2899,8a8a6c7dadf30f3cd61a930984f97137e4a0a3cb0e440efce8216f57a147086b,
DAIR-V2X-C,DATA,strict_dual_delay_ifam_and_box_diagnostics,result_csv,/raid/xuyifan/v2x_code_ckpt/results/260615_fill/artifacts/dair_data_ifam_joint_delay_comp_20260713.csv,02_dair_v2x_c/DATA/results/dair_data_ifam_joint_delay_comp_20260713.csv,4211,21cb63920f0d3495cae54ad4f52b2d0b4d1886c0bc0e8fce16ca0add4662385f,
DAIR-V2X-C,DATA,strict_dual_delay_ifam_and_box_diagnostics,result_csv,/raid/xuyifan/v2x_code_ckpt/results/260615_fill/artifacts/dair_data_ifam_joint_delay_comp_comp0_20260713.csv,02_dair_v2x_c/DATA/results/dair_data_ifam_joint_delay_comp_comp0_20260713.csv,1453,e0e724f3d9825dc3dfadbd3fe46967baeb510ec9eefbe8bed5673a8844a1c30e,
DAIR-V2X-C,DATA,strict_dual_delay_ifam_and_box_diagnostics,result_csv,/raid/xuyifan/v2x_code_ckpt/results/260615_fill/artifacts/dair_data_ifam_joint_delay_comp_comp2_20260713.csv,02_dair_v2x_c/DATA/results/dair_data_ifam_joint_delay_comp_comp2_20260713.csv,1474,1921e80ef055633a2e07a046ee7506bc0849804d7324cdfa6de4d6574a7b85ef,
DAIR-V2X-C,DATA,strict_dual_delay_ifam_and_box_diagnostics,result_csv,/raid/xuyifan/v2x_code_ckpt/results/260615_fill/artifacts/dair_data_ifam_joint_delay_comp_comp4_20260713.csv,02_dair_v2x_c/DATA/results/dair_data_ifam_joint_delay_comp_comp4_20260713.csv,1474,acfed6632032068e64391a9f74ffa79934849969c65d1b9710b3a7839e573b65,
DAIR-V2X-C,DATA,strict_dual_delay_ifam_and_box_diagnostics,result_csv,/raid/xuyifan/v2x_code_ckpt/results/260615_fill/artifacts/dair_data_box_latefusion_fair_none_vs_rf_20260706.csv,02_dair_v2x_c/DATA/results/dair_data_box_latefusion_fair_none_vs_rf_20260706.csv,4752,4ba71e5ab308552222a3dd6d67a355d5b3e94fbf3d99c5e76fb71cf8fa87efff,
DAIR-V2X-C,DATA,strict_dual_delay_ifam_and_box_diagnostics,result_csv,/raid/xuyifan/v2x_code_ckpt/results/260615_fill/artifacts/dair_data_box_latefusion_fair_rf_trainonly_20260714.csv,02_dair_v2x_c/DATA/results/dair_data_box_latefusion_fair_rf_trainonly_20260714.csv,3400,1e0867a432ba561117da40c3527a662577bd12c4a1cb9ad5eb72aa070da4d280,
DAIR-V2X-C,DATA,strict_dual_delay_ifam_and_box_diagnostics,result_csv,/raid/xuyifan/v2x_code_ckpt/results/260615_fill/artifacts/dair_data_intermediate_rf_assist_keycells_20260707.csv,02_dair_v2x_c/DATA/results/dair_data_intermediate_rf_assist_keycells_20260707.csv,551,a24529fdea19a03b1f59d01429d97fed3ab402faf62dd50077b4b00b13d0392e,
DAIR-V2X-C,DATA,strict_dual_delay_ifam_and_box_diagnostics,result_csv,/raid/xuyifan/v2x_code_ckpt/results/260615_fill/artifacts/dair_data_intermediate_rf_assist_trainonly_keycells_20260714.csv,02_dair_v2x_c/DATA/results/dair_data_intermediate_rf_assist_trainonly_keycells_20260714.csv,552,58d75e245ba4d35540009cf3d3c64a58c690ae08adc7c62e941ee9933201e6ba,
DAIR-V2X-C,DATA,strict_dual_delay_ifam_and_box_diagnostics,result_csv,/raid/xuyifan/v2x_code_ckpt/results/260615_fill/artifacts/dair_data_strict_dual_delay_rf_ours_20260706.csv,02_dair_v2x_c/DATA/results/dair_data_strict_dual_delay_rf_ours_20260706.csv,2928,6c541a4dad754092597e16d708cb2cb08f07cde809cc81c5900a6d9f7018e500,
DAIR-V2X-C,DATA,IFAM_feature_or_joint_delay_comp,ours_checkpoint_or_metrics,/raid/xuyifan/v2x_code_ckpt/checkpoints/curated/ours_models/dair_data_ifam_feature_t10n10_ours.npz,02_dair_v2x_c/DATA/checkpoints/ours/dair_data_ifam_feature_t10n10_ours.npz,10308,2ccf474cc8dd47120508c357ac651f1ba3195fdc4480794c0feaf524e50cd7dd,
DAIR-V2X-C,DATA,IFAM_feature_or_joint_delay_comp,ours_checkpoint_or_metrics,/raid/xuyifan/v2x_code_ckpt/checkpoints/curated/ours_models/dair_data_ifam_joint_delay_comp.pth,02_dair_v2x_c/DATA/checkpoints/ours/dair_data_ifam_joint_delay_comp.pth,1927416,f205f08c2e36d79dab81d58ecf4f782ef984450d6b48616b2d5a0af7065da733,
DAIR-V2X-C,DATA,IFAM_feature_or_joint_delay_comp,ours_checkpoint_or_metrics,/raid/xuyifan/v2x_code_ckpt/checkpoints/curated/ours_models/dair_data_ifam_joint_delay_comp.train_metrics.csv,02_dair_v2x_c/DATA/checkpoints/ours/dair_data_ifam_joint_delay_comp.train_metrics.csv,1157,71c3f4978a4a6e779055b4eac694761a7b368f9af352d99656492e39d9a0829f,
DAIR-V2X-C,DATA,baseline_detector,baseline_checkpoint_or_config,/raid/xuyifan/v2x_code_ckpt/runs/data_dair_official_eval/config.yaml,02_dair_v2x_c/DATA/checkpoints/baseline_DATA/config.yaml,4240,683ad76a1c4f05faab8b4bbebf6f1d79b81a142b308ebd102efaefd2d25fca00,
DAIR-V2X-C,DATA,baseline_detector,baseline_checkpoint_or_config_split_part,/raid/xuyifan/v2x_code_ckpt/runs/data_dair_official_eval/net_epoch_bestval_at21.pth,02_dair_v2x_c/DATA/checkpoints/baseline_DATA/net_epoch_bestval_at21.pth.split/net_epoch_bestval_at21.pth.part000,41943040,3dc52b4546e1c62ad06808a3d6581edc96f291c11bf222a8488287edc54992ca,Part 1/2 of 02_dair_v2x_c/DATA/checkpoints/baseline_DATA/net_epoch_bestval_at21.pth; restore with restore_split_checkpoints.py; original_sha256=b0d19d2c031c6edc703980b153b65032df9686ec7fe4ee496b341d0ec612507f; original_size=54381613
DAIR-V2X-C,DATA,baseline_detector,baseline_checkpoint_or_config_split_part,/raid/xuyifan/v2x_code_ckpt/runs/data_dair_official_eval/net_epoch_bestval_at21.pth,02_dair_v2x_c/DATA/checkpoints/baseline_DATA/net_epoch_bestval_at21.pth.split/net_epoch_bestval_at21.pth.part001,12438573,d854dc060e1a66e71bc4c49cf28b3fbc785e6c7eb08f041158aa14e04af8b129,Part 2/2 of 02_dair_v2x_c/DATA/checkpoints/baseline_DATA/net_epoch_bestval_at21.pth; restore with restore_split_checkpoints.py; original_sha256=b0d19d2c031c6edc703980b153b65032df9686ec7fe4ee496b341d0ec612507f; original_size=54381613
DAIR-V2X-C,LRCP,strict_dual_delay,result_csv,/raid/xuyifan/v2x_code_ckpt/results/260615_fill/artifacts/dair_lrcp_strict_dual_delay_ap.csv,02_dair_v2x_c/LRCP/results/dair_lrcp_strict_dual_delay_ap.csv,7951,6eac832618e2ac3530a88bf2bc95677b77b606e3d190a9fae15e8670f3ed4731,
DAIR-V2X-C,LRCP,single_delay_reference_not_main,reference_result_csv,/raid/xuyifan/v2x_code_ckpt/results/260615_fill/artifacts/dair_lrcp_latency_ap.csv,02_dair_v2x_c/LRCP/results/reference_single_delay_not_main/dair_lrcp_latency_ap.csv,1853,00870919186b105870ae96ec47ff7c89d169f27d5af1ead2abf0612ca7083194,
DAIR-V2X-C,LRCP,strict_dual_delay_parts,result_csv,/raid/xuyifan/v2x_code_ckpt/results/260615_fill/artifacts/dair_lrcp_strict_dual_delay_parts/none_comp0_comm0.csv,02_dair_v2x_c/LRCP/results/dair_lrcp_strict_dual_delay_parts/none_comp0_comm0.csv,358,60d882d65826dcf80342ec11a78410e008a2b83375904a84d72ee851c8b0dcc1,
DAIR-V2X-C,LRCP,strict_dual_delay_parts,result_csv,/raid/xuyifan/v2x_code_ckpt/results/260615_fill/artifacts/dair_lrcp_strict_dual_delay_parts/none_comp0_comm0.log,02_dair_v2x_c/LRCP/results/dair_lrcp_strict_dual_delay_parts/none_comp0_comm0.log,1714,96321faa2a2b3bbadaca6d45248cf95ca2f9624a0f86d8c7e5c3e7d1b2a7c4c0,
DAIR-V2X-C,LRCP,strict_dual_delay_parts,result_csv,/raid/xuyifan/v2x_code_ckpt/results/260615_fill/artifacts/dair_lrcp_strict_dual_delay_parts/none_comp0_comm1.csv,02_dair_v2x_c/LRCP/results/dair_lrcp_strict_dual_delay_parts/none_comp0_comm1.csv,263,60c77f2ba2087c829270216af69563f99d44985ec98d3b25687a9dff317adca0,
DAIR-V2X-C,LRCP,strict_dual_delay_parts,result_csv,/raid/xuyifan/v2x_code_ckpt/results/260615_fill/artifacts/dair_lrcp_strict_dual_delay_parts/none_comp0_comm1.log,02_dair_v2x_c/LRCP/results/dair_lrcp_strict_dual_delay_parts/none_comp0_comm1.log,1714,57bd9c6958576f01f8397531563410f4210d763ab15cd029eefd0dc2c6ec3951,
DAIR-V2X-C,LRCP,strict_dual_delay_parts,result_csv,/raid/xuyifan/v2x_code_ckpt/results/260615_fill/artifacts/dair_lrcp_strict_dual_delay_parts/none_comp0_comm2.csv,02_dair_v2x_c/LRCP/results/dair_lrcp_strict_dual_delay_parts/none_comp0_comm2.csv,263,663a04f15585790fbbc060d769a634b3e6f786d264e7af99e36f3608ac9b8c91,
DAIR-V2X-C,LRCP,strict_dual_delay_parts,result_csv,/raid/xuyifan/v2x_code_ckpt/results/260615_fill/artifacts/dair_lrcp_strict_dual_delay_parts/none_comp0_comm2.log,02_dair_v2x_c/LRCP/results/dair_lrcp_strict_dual_delay_parts/none_comp0_comm2.log,1714,92ac28ceb4dda47157ca5d0f54affdbc56078ee76d73d58c6a7496ce7ab0f9bc,
DAIR-V2X-C,LRCP,strict_dual_delay_parts,result_csv,/raid/xuyifan/v2x_code_ckpt/results/260615_fill/artifacts/dair_lrcp_strict_dual_delay_parts/none_comp0_comm3.csv,02_dair_v2x_c/LRCP/results/dair_lrcp_strict_dual_delay_parts/none_comp0_comm3.csv,263,552e2610363f3658a6fffbe7476d055b48d776e4d901a3800765f32a3fee2854,
DAIR-V2X-C,LRCP,strict_dual_delay_parts,result_csv,/raid/xuyifan/v2x_code_ckpt/results/260615_fill/artifacts/dair_lrcp_strict_dual_delay_parts/none_comp0_comm3.log,02_dair_v2x_c/LRCP/results/dair_lrcp_strict_dual_delay_parts/none_comp0_comm3.log,1714,214f9cbc200d02c896b0d819088b27a5656af6adceac436ff21baa0a42bc91de,
DAIR-V2X-C,LRCP,strict_dual_delay_parts,result_csv,/raid/xuyifan/v2x_code_ckpt/results/260615_fill/artifacts/dair_lrcp_strict_dual_delay_parts/none_comp0_comm4.csv,02_dair_v2x_c/LRCP/results/dair_lrcp_strict_dual_delay_parts/none_comp0_comm4.csv,263,a4bb8f4a9c5f38cb3bc2183b2120a29a008d9b3c08837f01da64b6e69914e06c,
DAIR-V2X-C,LRCP,strict_dual_delay_parts,result_csv,/raid/xuyifan/v2x_code_ckpt/results/260615_fill/artifacts/dair_lrcp_strict_dual_delay_parts/none_comp0_comm4.log,02_dair_v2x_c/LRCP/results/dair_lrcp_strict_dual_delay_parts/none_comp0_comm4.log,1714,d590973c3f90b869a441ef54ec5f58e4ae30be48656f0f06b6d783d5ae501546,
DAIR-V2X-C,LRCP,strict_dual_delay_parts,result_csv,/raid/xuyifan/v2x_code_ckpt/results/260615_fill/artifacts/dair_lrcp_strict_dual_delay_parts/none_comp0_comm5.csv,02_dair_v2x_c/LRCP/results/dair_lrcp_strict_dual_delay_parts/none_comp0_comm5.csv,263,0e284e591facdf53da567a5c00a3b75d502bebbb5efe4f49b1f0abeb85e1bd14,
DAIR-V2X-C,LRCP,strict_dual_delay_parts,result_csv,/raid/xuyifan/v2x_code_ckpt/results/260615_fill/artifacts/dair_lrcp_strict_dual_delay_parts/none_comp0_comm5.log,02_dair_v2x_c/LRCP/results/dair_lrcp_strict_dual_delay_parts/none_comp0_comm5.log,1714,b44c75d693ec49cad16daf9d297ca3ae3d82c9cc3700d0dcd0818e9e286870b0,
DAIR-V2X-C,LRCP,strict_dual_delay_parts,result_csv,/raid/xuyifan/v2x_code_ckpt/results/260615_fill/artifacts/dair_lrcp_strict_dual_delay_parts/none_comp2_comm0.csv,02_dair_v2x_c/LRCP/results/dair_lrcp_strict_dual_delay_parts/none_comp2_comm0.csv,263,cc41923edcc9cad4a4dc11c6028665b0791d1b4748ccb3ca306e5e979b0214b0,
DAIR-V2X-C,LRCP,strict_dual_delay_parts,result_csv,/raid/xuyifan/v2x_code_ckpt/results/260615_fill/artifacts/dair_lrcp_strict_dual_delay_parts/none_comp2_comm0.log,02_dair_v2x_c/LRCP/results/dair_lrcp_strict_dual_delay_parts/none_comp2_comm0.log,1714,eaebb6493f70534b8ed4d83dd670be3f01ac713a4b0fd076ab73e15ba8d84163,
DAIR-V2X-C,LRCP,strict_dual_delay_parts,result_csv,/raid/xuyifan/v2x_code_ckpt/results/260615_fill/artifacts/dair_lrcp_strict_dual_delay_parts/none_comp2_comm1.csv,02_dair_v2x_c/LRCP/results/dair_lrcp_strict_dual_delay_parts/none_comp2_comm1.csv,263,e7f417e02e226857bab47fe00ab84bfb809d82c2b7045887cf26266756b398bd,
DAIR-V2X-C,LRCP,strict_dual_delay_parts,result_csv,/raid/xuyifan/v2x_code_ckpt/results/260615_fill/artifacts/dair_lrcp_strict_dual_delay_parts/none_comp2_comm1.log,02_dair_v2x_c/LRCP/results/dair_lrcp_strict_dual_delay_parts/none_comp2_comm1.log,1714,83f6814147e08a152ae9146b9a42685cd44b074586887192e541f074e3482f0c,
DAIR-V2X-C,LRCP,strict_dual_delay_parts,result_csv,/raid/xuyifan/v2x_code_ckpt/results/260615_fill/artifacts/dair_lrcp_strict_dual_delay_parts/none_comp2_comm2.csv,02_dair_v2x_c/LRCP/results/dair_lrcp_strict_dual_delay_parts/none_comp2_comm2.csv,263,74a4685dc97e8e9ea1b3857bbd5575cb2c37b48369056ba3986aabb70a1708a4,
DAIR-V2X-C,LRCP,strict_dual_delay_parts,result_csv,/raid/xuyifan/v2x_code_ckpt/results/260615_fill/artifacts/dair_lrcp_strict_dual_delay_parts/none_comp2_comm2.log,02_dair_v2x_c/LRCP/results/dair_lrcp_strict_dual_delay_parts/none_comp2_comm2.log,1714,4ed7188e0f9a8a95b5ccceaedc6117c6ac6ffebbb8ae812c4287521f43b508b0,
DAIR-V2X-C,LRCP,strict_dual_delay_parts,result_csv,/raid/xuyifan/v2x_code_ckpt/results/260615_fill/artifacts/dair_lrcp_strict_dual_delay_parts/none_comp2_comm3.csv,02_dair_v2x_c/LRCP/results/dair_lrcp_strict_dual_delay_parts/none_comp2_comm3.csv,263,8b63d36a471a50111e3e065a44cf5b5559cfed551d6717fec4e16206e8770b2e,
DAIR-V2X-C,LRCP,strict_dual_delay_parts,result_csv,/raid/xuyifan/v2x_code_ckpt/results/260615_fill/artifacts/dair_lrcp_strict_dual_delay_parts/none_comp2_comm3.log,02_dair_v2x_c/LRCP/results/dair_lrcp_strict_dual_delay_parts/none_comp2_comm3.log,1714,83f74ca706c8e946c11e461018f289994ad9ddf1a84f669bcd1c80d3e5493f35,
DAIR-V2X-C,LRCP,strict_dual_delay_parts,result_csv,/raid/xuyifan/v2x_code_ckpt/results/260615_fill/artifacts/dair_lrcp_strict_dual_delay_parts/none_comp2_comm4.csv,02_dair_v2x_c/LRCP/results/dair_lrcp_strict_dual_delay_parts/none_comp2_comm4.csv,263,82802b35bd1aa6bdaabeae7a03e8d3a3522276d198752ef3c9ed21212c09c2ee,
DAIR-V2X-C,LRCP,strict_dual_delay_parts,result_csv,/raid/xuyifan/v2x_code_ckpt/results/260615_fill/artifacts/dair_lrcp_strict_dual_delay_parts/none_comp2_comm4.log,02_dair_v2x_c/LRCP/results/dair_lrcp_strict_dual_delay_parts/none_comp2_comm4.log,1714,4cd14f85c068d6a22e707022ddcaf04739095efa557ada2b876de14525353155,
DAIR-V2X-C,LRCP,strict_dual_delay_parts,result_csv,/raid/xuyifan/v2x_code_ckpt/results/260615_fill/artifacts/dair_lrcp_strict_dual_delay_parts/none_comp2_comm5.csv,02_dair_v2x_c/LRCP/results/dair_lrcp_strict_dual_delay_parts/none_comp2_comm5.csv,263,44f9e0be5605045ab682dd163b2393ac3de5a79ff2e45df30b5eed9a2c19431f,
DAIR-V2X-C,LRCP,strict_dual_delay_parts,result_csv,/raid/xuyifan/v2x_code_ckpt/results/260615_fill/artifacts/dair_lrcp_strict_dual_delay_parts/none_comp2_comm5.log,02_dair_v2x_c/LRCP/results/dair_lrcp_strict_dual_delay_parts/none_comp2_comm5.log,1714,a80c3969b1689309bb4469ccca66ce7582a8f4d11b84d28657314b88f9278828,
DAIR-V2X-C,LRCP,strict_dual_delay_parts,result_csv,/raid/xuyifan/v2x_code_ckpt/results/260615_fill/artifacts/dair_lrcp_strict_dual_delay_parts/none_comp4_comm0.csv,02_dair_v2x_c/LRCP/results/dair_lrcp_strict_dual_delay_parts/none_comp4_comm0.csv,263,01460b6da4373b85d02f380d0e2eb88ce74311509217698bd0f33d8f2039781d,
DAIR-V2X-C,LRCP,strict_dual_delay_parts,result_csv,/raid/xuyifan/v2x_code_ckpt/results/260615_fill/artifacts/dair_lrcp_strict_dual_delay_parts/none_comp4_comm0.log,02_dair_v2x_c/LRCP/results/dair_lrcp_strict_dual_delay_parts/none_comp4_comm0.log,1714,a3daeeb1794c6a3c3a1e2b09b585fd71242f146412bb3537fafa22831b13413b,
DAIR-V2X-C,LRCP,strict_dual_delay_parts,result_csv,/raid/xuyifan/v2x_code_ckpt/results/260615_fill/artifacts/dair_lrcp_strict_dual_delay_parts/none_comp4_comm1.csv,02_dair_v2x_c/LRCP/results/dair_lrcp_strict_dual_delay_parts/none_comp4_comm1.csv,263,5fc297d14dc1514cdb8408b5f6f1d0fcb8b9369f390cf392a31067ffe59b9947,
DAIR-V2X-C,LRCP,strict_dual_delay_parts,result_csv,/raid/xuyifan/v2x_code_ckpt/results/260615_fill/artifacts/dair_lrcp_strict_dual_delay_parts/none_comp4_comm1.log,02_dair_v2x_c/LRCP/results/dair_lrcp_strict_dual_delay_parts/none_comp4_comm1.log,1714,30a750c99217c561b44843678ff8b029725d9e2f6c09d974adebd048fb4c651a,
DAIR-V2X-C,LRCP,strict_dual_delay_parts,result_csv,/raid/xuyifan/v2x_code_ckpt/results/260615_fill/artifacts/dair_lrcp_strict_dual_delay_parts/none_comp4_comm2.csv,02_dair_v2x_c/LRCP/results/dair_lrcp_strict_dual_delay_parts/none_comp4_comm2.csv,263,505027c8ce02d577e78a6a3f662bcf0c36af8270f3a0e8de685c2430edbee91a,
DAIR-V2X-C,LRCP,strict_dual_delay_parts,result_csv,/raid/xuyifan/v2x_code_ckpt/results/260615_fill/artifacts/dair_lrcp_strict_dual_delay_parts/none_comp4_comm2.log,02_dair_v2x_c/LRCP/results/dair_lrcp_strict_dual_delay_parts/none_comp4_comm2.log,1714,34bd23c81139b9e446f4ff7c7977547b09cd8917b43fb9be4484641b56432745,
DAIR-V2X-C,LRCP,strict_dual_delay_parts,result_csv,/raid/xuyifan/v2x_code_ckpt/results/260615_fill/artifacts/dair_lrcp_strict_dual_delay_parts/none_comp4_comm3.csv,02_dair_v2x_c/LRCP/results/dair_lrcp_strict_dual_delay_parts/none_comp4_comm3.csv,263,49fcb7e19feb1c348f1bb0998693dea7e5b183b2ca85ef872708370e354dbbf2,
DAIR-V2X-C,LRCP,strict_dual_delay_parts,result_csv,/raid/xuyifan/v2x_code_ckpt/results/260615_fill/artifacts/dair_lrcp_strict_dual_delay_parts/none_comp4_comm3.log,02_dair_v2x_c/LRCP/results/dair_lrcp_strict_dual_delay_parts/none_comp4_comm3.log,1686,2e0e15d20cc8f586cdde91f8505600e2251acf08709cfaf0feb70c1a239a94da,
DAIR-V2X-C,LRCP,strict_dual_delay_parts,result_csv,/raid/xuyifan/v2x_code_ckpt/results/260615_fill/artifacts/dair_lrcp_strict_dual_delay_parts/none_comp4_comm4.csv,02_dair_v2x_c/LRCP/results/dair_lrcp_strict_dual_delay_parts/none_comp4_comm4.csv,263,c97e4617f3c6a681f89b52b3e3e26953e52ae1d8d2fb8350da0864fd87afe5d9,
DAIR-V2X-C,LRCP,strict_dual_delay_parts,result_csv,/raid/xuyifan/v2x_code_ckpt/results/260615_fill/artifacts/dair_lrcp_strict_dual_delay_parts/none_comp4_comm4.log,02_dair_v2x_c/LRCP/results/dair_lrcp_strict_dual_delay_parts/none_comp4_comm4.log,1714,ee98c2e44461b085b4f1b2f01663711352fda615671bb89c90a8584d80d746bf,
DAIR-V2X-C,LRCP,strict_dual_delay_parts,result_csv,/raid/xuyifan/v2x_code_ckpt/results/260615_fill/artifacts/dair_lrcp_strict_dual_delay_parts/none_comp4_comm5.csv,02_dair_v2x_c/LRCP/results/dair_lrcp_strict_dual_delay_parts/none_comp4_comm5.csv,263,c145b8c4b25ecffbb035dbd1938c6e9424dfb9084515c0b2e5ab6ed63c9c9d6d,
DAIR-V2X-C,LRCP,strict_dual_delay_parts,result_csv,/raid/xuyifan/v2x_code_ckpt/results/260615_fill/artifacts/dair_lrcp_strict_dual_delay_parts/none_comp4_comm5.log,02_dair_v2x_c/LRCP/results/dair_lrcp_strict_dual_delay_parts/none_comp4_comm5.log,1714,2913d1a8f4be1ea4a684818be5373cf88511dcb604a06c21bc3e0bf81b422b07,
DAIR-V2X-C,LRCP,strict_dual_delay_parts,result_csv,/raid/xuyifan/v2x_code_ckpt/results/260615_fill/artifacts/dair_lrcp_strict_dual_delay_parts/ours_comp0_comm0.csv,02_dair_v2x_c/LRCP/results/dair_lrcp_strict_dual_delay_parts/ours_comp0_comm0.csv,424,8b6c83304259e87ce7fe783c34e2b48a327285586b24fd056534c925e3bb6530,
DAIR-V2X-C,LRCP,strict_dual_delay_parts,result_csv,/raid/xuyifan/v2x_code_ckpt/results/260615_fill/artifacts/dair_lrcp_strict_dual_delay_parts/ours_comp0_comm0.log,02_dair_v2x_c/LRCP/results/dair_lrcp_strict_dual_delay_parts/ours_comp0_comm0.log,2229,ae87db376f19ce782446c05b4531ff1882dba42725cb55741542d6d591ecb3c0,
DAIR-V2X-C,LRCP,strict_dual_delay_parts,result_csv,/raid/xuyifan/v2x_code_ckpt/results/260615_fill/artifacts/dair_lrcp_strict_dual_delay_parts/ours_comp0_comm1.csv,02_dair_v2x_c/LRCP/results/dair_lrcp_strict_dual_delay_parts/ours_comp0_comm1.csv,329,0466b847c49055fe2ba616beb0bae4a2c8456de64b6e1f2d61552d90f10b0791,
DAIR-V2X-C,LRCP,strict_dual_delay_parts,result_csv,/raid/xuyifan/v2x_code_ckpt/results/260615_fill/artifacts/dair_lrcp_strict_dual_delay_parts/ours_comp0_comm1.log,02_dair_v2x_c/LRCP/results/dair_lrcp_strict_dual_delay_parts/ours_comp0_comm1.log,2229,ed120dee5d709d1b8ed76b64c7d52e47c44075633b80ced1c193c895830399fb,
DAIR-V2X-C,LRCP,strict_dual_delay_parts,result_csv,/raid/xuyifan/v2x_code_ckpt/results/260615_fill/artifacts/dair_lrcp_strict_dual_delay_parts/ours_comp0_comm2.csv,02_dair_v2x_c/LRCP/results/dair_lrcp_strict_dual_delay_parts/ours_comp0_comm2.csv,329,f988364ec33239bbaa74d95cc60cd1409c4884a6316522c85d474ed8c5d89c4e,
DAIR-V2X-C,LRCP,strict_dual_delay_parts,result_csv,/raid/xuyifan/v2x_code_ckpt/results/260615_fill/artifacts/dair_lrcp_strict_dual_delay_parts/ours_comp0_comm2.log,02_dair_v2x_c/LRCP/results/dair_lrcp_strict_dual_delay_parts/ours_comp0_comm2.log,2229,2122147ad4dda4a1f039cf0597be9a1dc444398c9d5dcf76b62b0a7fbe142570,
DAIR-V2X-C,LRCP,strict_dual_delay_parts,result_csv,/raid/xuyifan/v2x_code_ckpt/results/260615_fill/artifacts/dair_lrcp_strict_dual_delay_parts/ours_comp0_comm3.csv,02_dair_v2x_c/LRCP/results/dair_lrcp_strict_dual_delay_parts/ours_comp0_comm3.csv,329,a1c2254275b3a33e69e85891909621c0a1dead0e235e20022f6af3c72080575c,
DAIR-V2X-C,LRCP,strict_dual_delay_parts,result_csv,/raid/xuyifan/v2x_code_ckpt/results/260615_fill/artifacts/dair_lrcp_strict_dual_delay_parts/ours_comp0_comm3.log,02_dair_v2x_c/LRCP/results/dair_lrcp_strict_dual_delay_parts/ours_comp0_comm3.log,2229,844bba99cc04617d21efa233305179c2388155a1cc8d59981f218232100e2381,
DAIR-V2X-C,LRCP,strict_dual_delay_parts,result_csv,/raid/xuyifan/v2x_code_ckpt/results/260615_fill/artifacts/dair_lrcp_strict_dual_delay_parts/ours_comp0_comm4.csv,02_dair_v2x_c/LRCP/results/dair_lrcp_strict_dual_delay_parts/ours_comp0_comm4.csv,329,6b24e4b2cd81cfe7f36e4af8a9466f30a4f2d5f9ead41cf043ac3c327f86ff57,
DAIR-V2X-C,LRCP,strict_dual_delay_parts,result_csv,/raid/xuyifan/v2x_code_ckpt/results/260615_fill/artifacts/dair_lrcp_strict_dual_delay_parts/ours_comp0_comm4.log,02_dair_v2x_c/LRCP/results/dair_lrcp_strict_dual_delay_parts/ours_comp0_comm4.log,2229,09a87d9b71932059498c55ff6ff0095544f89666652964dc19c9e16b5f905330,
DAIR-V2X-C,LRCP,strict_dual_delay_parts,result_csv,/raid/xuyifan/v2x_code_ckpt/results/260615_fill/artifacts/dair_lrcp_strict_dual_delay_parts/ours_comp0_comm5.csv,02_dair_v2x_c/LRCP/results/dair_lrcp_strict_dual_delay_parts/ours_comp0_comm5.csv,329,122364289129edb9c4abb2185ee25df5739d2589df3661b71335c81b27010d21,
DAIR-V2X-C,LRCP,strict_dual_delay_parts,result_csv,/raid/xuyifan/v2x_code_ckpt/results/260615_fill/artifacts/dair_lrcp_strict_dual_delay_parts/ours_comp0_comm5.log,02_dair_v2x_c/LRCP/results/dair_lrcp_strict_dual_delay_parts/ours_comp0_comm5.log,2229,f7aba71282a490abcd771f28367446f046099b08a9a22fe521bc41dac2b9c66d,
DAIR-V2X-C,LRCP,strict_dual_delay_parts,result_csv,/raid/xuyifan/v2x_code_ckpt/results/260615_fill/artifacts/dair_lrcp_strict_dual_delay_parts/ours_comp2_comm0.csv,02_dair_v2x_c/LRCP/results/dair_lrcp_strict_dual_delay_parts/ours_comp2_comm0.csv,329,276bc3ca43e354a2335e196acd688fdfd02030575149f3e7bfb36e26fe32d970,
DAIR-V2X-C,LRCP,strict_dual_delay_parts,result_csv,/raid/xuyifan/v2x_code_ckpt/results/260615_fill/artifacts/dair_lrcp_strict_dual_delay_parts/ours_comp2_comm0.log,02_dair_v2x_c/LRCP/results/dair_lrcp_strict_dual_delay_parts/ours_comp2_comm0.log,2229,5e65396b2072b0b2d627aa120c3a191e2280a7e80546c0d8c8b39cdde7f821e2,
DAIR-V2X-C,LRCP,strict_dual_delay_parts,result_csv,/raid/xuyifan/v2x_code_ckpt/results/260615_fill/artifacts/dair_lrcp_strict_dual_delay_parts/ours_comp2_comm1.csv,02_dair_v2x_c/LRCP/results/dair_lrcp_strict_dual_delay_parts/ours_comp2_comm1.csv,329,3a6403decf0277e9b792586677425b439f243cf4c6702bb4a9e03d217d039825,
DAIR-V2X-C,LRCP,strict_dual_delay_parts,result_csv,/raid/xuyifan/v2x_code_ckpt/results/260615_fill/artifacts/dair_lrcp_strict_dual_delay_parts/ours_comp2_comm1.log,02_dair_v2x_c/LRCP/results/dair_lrcp_strict_dual_delay_parts/ours_comp2_comm1.log,2229,b3d2348041922bd3186eed4a575b2b33b5bbcb5eedc32516c98208989a2ee9b7,
DAIR-V2X-C,LRCP,strict_dual_delay_parts,result_csv,/raid/xuyifan/v2x_code_ckpt/results/260615_fill/artifacts/dair_lrcp_strict_dual_delay_parts/ours_comp2_comm2.csv,02_dair_v2x_c/LRCP/results/dair_lrcp_strict_dual_delay_parts/ours_comp2_comm2.csv,329,4dc9bb188ddd119acc28a9e88e3e10e9c708978522cbc33415102b03754118b8,
DAIR-V2X-C,LRCP,strict_dual_delay_parts,result_csv,/raid/xuyifan/v2x_code_ckpt/results/260615_fill/artifacts/dair_lrcp_strict_dual_delay_parts/ours_comp2_comm2.log,02_dair_v2x_c/LRCP/results/dair_lrcp_strict_dual_delay_parts/ours_comp2_comm2.log,2229,5a320c19e4cc8729301aacd522e98cdf89da10f293732f01976c8b4006335217,
DAIR-V2X-C,LRCP,strict_dual_delay_parts,result_csv,/raid/xuyifan/v2x_code_ckpt/results/260615_fill/artifacts/dair_lrcp_strict_dual_delay_parts/ours_comp2_comm3.csv,02_dair_v2x_c/LRCP/results/dair_lrcp_strict_dual_delay_parts/ours_comp2_comm3.csv,329,960a3433d9e36c5ae9104b71c14b12939b90bbe173038c4357f6b848a104daf6,
DAIR-V2X-C,LRCP,strict_dual_delay_parts,result_csv,/raid/xuyifan/v2x_code_ckpt/results/260615_fill/artifacts/dair_lrcp_strict_dual_delay_parts/ours_comp2_comm3.log,02_dair_v2x_c/LRCP/results/dair_lrcp_strict_dual_delay_parts/ours_comp2_comm3.log,2229,0167deb7c0ea1676e8a1e5b2dc85f676195ae1eec283aadcf3b6fd34b5dfaa0e,
DAIR-V2X-C,LRCP,strict_dual_delay_parts,result_csv,/raid/xuyifan/v2x_code_ckpt/results/260615_fill/artifacts/dair_lrcp_strict_dual_delay_parts/ours_comp2_comm4.csv,02_dair_v2x_c/LRCP/results/dair_lrcp_strict_dual_delay_parts/ours_comp2_comm4.csv,399,3a4063ede14e72e5e916172bb1fd54544032dcb8068d33830288078c6663edc2,
DAIR-V2X-C,LRCP,strict_dual_delay_parts,result_csv,/raid/xuyifan/v2x_code_ckpt/results/260615_fill/artifacts/dair_lrcp_strict_dual_delay_parts/ours_comp2_comm4.log,02_dair_v2x_c/LRCP/results/dair_lrcp_strict_dual_delay_parts/ours_comp2_comm4.log,2229,1d66089e7cdb733c07268cb3ff939e62bc6f0027f33d6d9a0fce28ddfcc3b0d1,
DAIR-V2X-C,LRCP,strict_dual_delay_parts,result_csv,/raid/xuyifan/v2x_code_ckpt/results/260615_fill/artifacts/dair_lrcp_strict_dual_delay_parts/ours_comp2_comm5.csv,02_dair_v2x_c/LRCP/results/dair_lrcp_strict_dual_delay_parts/ours_comp2_comm5.csv,399,ef61b9b5ae4cfcac03a2b99217d5991728d0d3941be47a3f5ee87c03d24ba994,
DAIR-V2X-C,LRCP,strict_dual_delay_parts,result_csv,/raid/xuyifan/v2x_code_ckpt/results/260615_fill/artifacts/dair_lrcp_strict_dual_delay_parts/ours_comp2_comm5.log,02_dair_v2x_c/LRCP/results/dair_lrcp_strict_dual_delay_parts/ours_comp2_comm5.log,2229,9eb67c6d6f9c417aff15ca38040a65d66aa125c78473ccbf1626145cb2e04d94,
DAIR-V2X-C,LRCP,strict_dual_delay_parts,result_csv,/raid/xuyifan/v2x_code_ckpt/results/260615_fill/artifacts/dair_lrcp_strict_dual_delay_parts/ours_comp4_comm0.csv,02_dair_v2x_c/LRCP/results/dair_lrcp_strict_dual_delay_parts/ours_comp4_comm0.csv,329,e27a4ee7b10e7561f7beabb34a2fba817e45b5e2c50a5e01f0873ae5852145fb,
DAIR-V2X-C,LRCP,strict_dual_delay_parts,result_csv,/raid/xuyifan/v2x_code_ckpt/results/260615_fill/artifacts/dair_lrcp_strict_dual_delay_parts/ours_comp4_comm0.log,02_dair_v2x_c/LRCP/results/dair_lrcp_strict_dual_delay_parts/ours_comp4_comm0.log,2229,0bee2327a048fae03f466a1e68ad74b0912e48ab80d9ea06525b94e197b7172e,
DAIR-V2X-C,LRCP,strict_dual_delay_parts,result_csv,/raid/xuyifan/v2x_code_ckpt/results/260615_fill/artifacts/dair_lrcp_strict_dual_delay_parts/ours_comp4_comm1.csv,02_dair_v2x_c/LRCP/results/dair_lrcp_strict_dual_delay_parts/ours_comp4_comm1.csv,329,cc7a7ffc8acda6e38495e4b04756a1d37c4a86f317341229024b6293086f7b9e,
DAIR-V2X-C,LRCP,strict_dual_delay_parts,result_csv,/raid/xuyifan/v2x_code_ckpt/results/260615_fill/artifacts/dair_lrcp_strict_dual_delay_parts/ours_comp4_comm1.log,02_dair_v2x_c/LRCP/results/dair_lrcp_strict_dual_delay_parts/ours_comp4_comm1.log,2229,0fdbc9a3de460a2f8ec0ecb5631e91a44531cf811d346335a89eac3baab572b1,
DAIR-V2X-C,LRCP,strict_dual_delay_parts,result_csv,/raid/xuyifan/v2x_code_ckpt/results/260615_fill/artifacts/dair_lrcp_strict_dual_delay_parts/ours_comp4_comm2.csv,02_dair_v2x_c/LRCP/results/dair_lrcp_strict_dual_delay_parts/ours_comp4_comm2.csv,399,dd6d50cfb6552c6285c8960ccfa08ecab10bd3f2338b725a1ab3fc4d72487ca2,
DAIR-V2X-C,LRCP,strict_dual_delay_parts,result_csv,/raid/xuyifan/v2x_code_ckpt/results/260615_fill/artifacts/dair_lrcp_strict_dual_delay_parts/ours_comp4_comm2.log,02_dair_v2x_c/LRCP/results/dair_lrcp_strict_dual_delay_parts/ours_comp4_comm2.log,2229,3e402eedf3878fec65885201e8b951e0a102b107a4502b37716042427921b474,
DAIR-V2X-C,LRCP,strict_dual_delay_parts,result_csv,/raid/xuyifan/v2x_code_ckpt/results/260615_fill/artifacts/dair_lrcp_strict_dual_delay_parts/ours_comp4_comm3.csv,02_dair_v2x_c/LRCP/results/dair_lrcp_strict_dual_delay_parts/ours_comp4_comm3.csv,399,42495f11a930d1337e2add629e9abba99c1112270151776eb09b89c10f82a8f7,
DAIR-V2X-C,LRCP,strict_dual_delay_parts,result_csv,/raid/xuyifan/v2x_code_ckpt/results/260615_fill/artifacts/dair_lrcp_strict_dual_delay_parts/ours_comp4_comm3.log,02_dair_v2x_c/LRCP/results/dair_lrcp_strict_dual_delay_parts/ours_comp4_comm3.log,2229,b38642a41dcd03bf675750ad60ac1609f9185f0f5ad14b92c55307b7a7899861,
DAIR-V2X-C,LRCP,strict_dual_delay_parts,result_csv,/raid/xuyifan/v2x_code_ckpt/results/260615_fill/artifacts/dair_lrcp_strict_dual_delay_parts/ours_comp4_comm4.csv,02_dair_v2x_c/LRCP/results/dair_lrcp_strict_dual_delay_parts/ours_comp4_comm4.csv,399,e76b13f8120e08fa112d99fd02582bc5fcd6db4f5936fa4ef9b1941193ecb826,
DAIR-V2X-C,LRCP,strict_dual_delay_parts,result_csv,/raid/xuyifan/v2x_code_ckpt/results/260615_fill/artifacts/dair_lrcp_strict_dual_delay_parts/ours_comp4_comm4.log,02_dair_v2x_c/LRCP/results/dair_lrcp_strict_dual_delay_parts/ours_comp4_comm4.log,2229,71a6b84b3439efb47f09b6e5fca45c9d6b2004eb182bcd60f9fcd44d05c032dc,
DAIR-V2X-C,LRCP,strict_dual_delay_parts,result_csv,/raid/xuyifan/v2x_code_ckpt/results/260615_fill/artifacts/dair_lrcp_strict_dual_delay_parts/ours_comp4_comm5.csv,02_dair_v2x_c/LRCP/results/dair_lrcp_strict_dual_delay_parts/ours_comp4_comm5.csv,399,83c6dc19c011ae0ff6d5bbe2995f39ac52bdba9821d64e0a39e9762856384560,
DAIR-V2X-C,LRCP,strict_dual_delay_parts,result_csv,/raid/xuyifan/v2x_code_ckpt/results/260615_fill/artifacts/dair_lrcp_strict_dual_delay_parts/ours_comp4_comm5.log,02_dair_v2x_c/LRCP/results/dair_lrcp_strict_dual_delay_parts/ours_comp4_comm5.log,2229,ecf2fb91000eb8ae85238de5324e87e56483eb9942507ff11a8bd4c3f4d5b41b,
DAIR-V2X-C,LRCP,stage2_baseline,baseline_checkpoint_or_config,/raid/xuyifan/v2x_code_ckpt/external/LRCP/opencood/logs/dairv2x_lrcp_point_pillar_lidar_deformable_attn_stage2_2026_07_01_19_32_46/config.yaml,02_dair_v2x_c/LRCP/checkpoints/baseline_LRCP_stage2/config.yaml,7562,a784e43feb01ea0cd58c1235e0c8a2b576f6b65b76f2e4097b296ce593396fc7,
DAIR-V2X-C,LRCP,stage2_baseline,baseline_checkpoint_or_config_split_part,/raid/xuyifan/v2x_code_ckpt/external/LRCP/opencood/logs/dairv2x_lrcp_point_pillar_lidar_deformable_attn_stage2_2026_07_01_19_32_46/net_epoch_bestval_at1.pth,02_dair_v2x_c/LRCP/checkpoints/baseline_LRCP_stage2/net_epoch_bestval_at1.pth.split/net_epoch_bestval_at1.pth.part000,41943040,7cf218a4b55e50fc6e75534f2073eb7b4c4d793dae542529cff0097caa9e974c,Part 1/2 of 02_dair_v2x_c/LRCP/checkpoints/baseline_LRCP_stage2/net_epoch_bestval_at1.pth; restore with restore_split_checkpoints.py; original_sha256=2059837830136848ae1eefbb7a5a86c1a454b5d1ddb0644b40c2faa358e4e46e; original_size=75668089
DAIR-V2X-C,LRCP,stage2_baseline,baseline_checkpoint_or_config_split_part,/raid/xuyifan/v2x_code_ckpt/external/LRCP/opencood/logs/dairv2x_lrcp_point_pillar_lidar_deformable_attn_stage2_2026_07_01_19_32_46/net_epoch_bestval_at1.pth,02_dair_v2x_c/LRCP/checkpoints/baseline_LRCP_stage2/net_epoch_bestval_at1.pth.split/net_epoch_bestval_at1.pth.part001,33725049,efc6c2a4294e861f18d26997a2cbb20b5ad8793e0caa1be92e1512d9a1895b67,Part 2/2 of 02_dair_v2x_c/LRCP/checkpoints/baseline_LRCP_stage2/net_epoch_bestval_at1.pth; restore with restore_split_checkpoints.py; original_sha256=2059837830136848ae1eefbb7a5a86c1a454b5d1ddb0644b40c2faa358e4e46e; original_size=75668089
DAIR-V2X-Seq,TraF-Align,strict_dual_delay_and_joint_training,result_or_status_file,/raid/xuyifan/v2x_code_ckpt/results/dair_v2x_seq/trafalign_official_check_0_400ms_spconv2121.csv,03_dair_v2x_seq/TraF-Align/results/trafalign_official_check_0_400ms_spconv2121.csv,507,49030d11fafc2d8e0650b26a6998ae6c1a89627f83c199e8a2fd16bf4443b285,
DAIR-V2X-Seq,TraF-Align,strict_dual_delay_and_joint_training,result_or_status_file,/raid/xuyifan/v2x_code_ckpt/results/dair_v2x_seq/trafalign_baseline_comp0_spconv2121.csv,03_dair_v2x_seq/TraF-Align/results/trafalign_baseline_comp0_spconv2121.csv,1383,66a49a6d766d3d97b4d4e2e5c42833d0b0126343902b5c7044e952b0be028277,
DAIR-V2X-Seq,TraF-Align,strict_dual_delay_and_joint_training,result_or_status_file,/raid/xuyifan/v2x_code_ckpt/results/dair_v2x_seq/trafalign_baseline_comp2_spconv2121.csv,03_dair_v2x_seq/TraF-Align/results/trafalign_baseline_comp2_spconv2121.csv,1397,98ce7ba0bee7abf1f2a7318abe5e26fd4240b3b30362915982ea68e4123e1b9b,
DAIR-V2X-Seq,TraF-Align,strict_dual_delay_and_joint_training,result_or_status_file,/raid/xuyifan/v2x_code_ckpt/results/dair_v2x_seq/trafalign_baseline_comp4_spconv2121.csv,03_dair_v2x_seq/TraF-Align/results/trafalign_baseline_comp4_spconv2121.csv,1396,02d9da0dbc93168010fe16a2d925d343a8ac6798dd2865f664f2e4a6bdae8d85,
DAIR-V2X-Seq,TraF-Align,strict_dual_delay_and_joint_training,result_or_status_file,/raid/xuyifan/v2x_code_ckpt/results/dair_v2x_seq/trafalign_ours_t10n10_comp0_spconv2121.csv,03_dair_v2x_seq/TraF-Align/results/trafalign_ours_t10n10_comp0_spconv2121.csv,2853,489ef1f4e2c7deb1be519860ee7ff3af76bcc784c3cf4928c1359299eefb4826,
DAIR-V2X-Seq,TraF-Align,strict_dual_delay_and_joint_training,result_or_status_file,/raid/xuyifan/v2x_code_ckpt/results/dair_v2x_seq/trafalign_ours_t10n10_comp2_spconv2121.csv,03_dair_v2x_seq/TraF-Align/results/trafalign_ours_t10n10_comp2_spconv2121.csv,2867,712deeeef9b00b03d2df31f8547804a8f6c7d634f3002c665f9d887acf74195c,
DAIR-V2X-Seq,TraF-Align,strict_dual_delay_and_joint_training,result_or_status_file,/raid/xuyifan/v2x_code_ckpt/results/dair_v2x_seq/trafalign_ours_t10n10_comp4_spconv2121.csv,03_dair_v2x_seq/TraF-Align/results/trafalign_ours_t10n10_comp4_spconv2121.csv,2867,904f5c38c061d7f521c2395f8e5a9cb9bfb40d4db6d5375b856ddb8d8b02964d,
DAIR-V2X-Seq,TraF-Align,strict_dual_delay_and_joint_training,result_or_status_file,/raid/xuyifan/v2x_code_ckpt/results/dair_v2x_seq/trafalign_joint_delay_comp_only_comp0_spconv2121.csv,03_dair_v2x_seq/TraF-Align/results/trafalign_joint_delay_comp_only_comp0_spconv2121.csv,1527,b12abd52154030c98d98dc00c3fee9466d5e2d6a75f01f4d7b1588990da8b787,
DAIR-V2X-Seq,TraF-Align,strict_dual_delay_and_joint_training,result_or_status_file,/raid/xuyifan/v2x_code_ckpt/results/dair_v2x_seq/trafalign_joint_delay_comp_only_comp2_spconv2121.csv,03_dair_v2x_seq/TraF-Align/results/trafalign_joint_delay_comp_only_comp2_spconv2121.csv,1541,74e59ed0b5e20c3f60764094af152ee31898c2e79c343fa242c7651a188c75d3,
DAIR-V2X-Seq,TraF-Align,strict_dual_delay_and_joint_training,result_or_status_file,/raid/xuyifan/v2x_code_ckpt/results/dair_v2x_seq/trafalign_joint_delay_comp_only_comp4_spconv2121.csv,03_dair_v2x_seq/TraF-Align/results/trafalign_joint_delay_comp_only_comp4_spconv2121.csv,1535,c7c6a0c9de7f1bcbbee851b4e9748aa0feb0e7970b5c9e094c7465c9023cb5c2,
DAIR-V2X-Seq,TraF-Align,strict_dual_delay_and_joint_training,result_or_status_file,/raid/xuyifan/v2x_code_ckpt/results/dair_v2x_seq/trafalign_joint_delay_comp_only_adaptive2to4_spconv2121.csv,03_dair_v2x_seq/TraF-Align/results/trafalign_joint_delay_comp_only_adaptive2to4_spconv2121.csv,4881,896a04149457a7ffd6b8d7d0c25b0472c5f3ae4411e1a82f0bdb390911e67226,
DAIR-V2X-Seq,TraF-Align,strict_dual_delay_and_joint_training,result_or_status_file,/raid/xuyifan/v2x_code_ckpt/results/dair_v2x_seq/trafalign_joint_delay_comp_only_adaptive2to4_comp0_spconv2121.csv,03_dair_v2x_seq/TraF-Align/results/trafalign_joint_delay_comp_only_adaptive2to4_comp0_spconv2121.csv,1665,d6e28eeb2924457de5869ba90fca78dd8fae03274ff361b3653ce1a582875e82,
DAIR-V2X-Seq,TraF-Align,strict_dual_delay_and_joint_training,result_or_status_file,/raid/xuyifan/v2x_code_ckpt/results/dair_v2x_seq/trafalign_joint_delay_comp_only_adaptive2to4_comp2_spconv2121.csv,03_dair_v2x_seq/TraF-Align/results/trafalign_joint_delay_comp_only_adaptive2to4_comp2_spconv2121.csv,1679,5cf8a94d6e5bdbdb28bd7135fe6d4db75976e4f26140de728c3db2bcab7de481,
DAIR-V2X-Seq,TraF-Align,strict_dual_delay_and_joint_training,result_or_status_file,/raid/xuyifan/v2x_code_ckpt/results/dair_v2x_seq/trafalign_joint_delay_comp_only_adaptive2to4_comp4_spconv2121.csv,03_dair_v2x_seq/TraF-Align/results/trafalign_joint_delay_comp_only_adaptive2to4_comp4_spconv2121.csv,1679,0c9df893fa74489c84ccf3f1e33d6a5e59d161df4b548c18b53005f41c070fa2,
DAIR-V2X-Seq,TraF-Align,strict_dual_delay_and_joint_training,result_or_status_file,/raid/xuyifan/v2x_code_ckpt/results/dair_v2x_seq/trafalign_joint_delay_comp_only_adaptive2to4_bypass_comp0_spconv2121.csv,03_dair_v2x_seq/TraF-Align/results/trafalign_joint_delay_comp_only_adaptive2to4_bypass_comp0_spconv2121.csv,5493,759c7da82ba80e6b2593baac79f268a900b41ad9b558d9ec2b599dd282c23738,
DAIR-V2X-Seq,TraF-Align,strict_dual_delay_and_joint_training,result_or_status_file,/raid/xuyifan/v2x_code_ckpt/results/dair_v2x_seq/download_status_20260708.json,03_dair_v2x_seq/TraF-Align/results/download_status_20260708.json,612,c6d1515823efc94d02f94ad48a3c151fd9d7472654c9de7ca908de690f8eafbd,
DAIR-V2X-Seq,TraF-Align,strict_dual_delay_and_joint_training,result_or_status_file,/raid/xuyifan/v2x_code_ckpt/results/dair_v2x_seq/download_status_retry_20260708.json,03_dair_v2x_seq/TraF-Align/results/download_status_retry_20260708.json,1962,642a6c4690e13b98f1497bdbe05bd05b3228074ca344a133ed1f6097def2a3a5,
DAIR-V2X-C,TraF-Align,compatibility_smoke_not_main,reference_result,/raid/xuyifan/v2x_code_ckpt/results/260615_fill/artifacts/dair_trafalign_compat_debug_20260708.csv,03_dair_v2x_seq/TraF-Align/reference_not_main/dair_trafalign_compat_debug_20260708.csv,544,50687a6ffe8785e3652b12341a232fd1b3b5920cf6b9d5aa1df9f0bb93b8b3f4,
DAIR-V2X-C,TraF-Align,compatibility_smoke_not_main,reference_result,/raid/xuyifan/v2x_code_ckpt/results/260615_fill/artifacts/dair_trafalign_compat_debug_score0_20260708.csv,03_dair_v2x_seq/TraF-Align/reference_not_main/dair_trafalign_compat_debug_score0_20260708.csv,315,4e31c0f59d25d3019bf08e8ba5971e6928e2ee18f4b4e4597e68d049a6ef75da,
DAIR-V2X-Seq,TraF-Align,feature_T10_N10,ours_checkpoint,/raid/xuyifan/v2x_code_ckpt/checkpoints/curated/ours_models/dair_v2x_seq_trafalign_feature_t10n10_ours_spconv2121.npz,03_dair_v2x_seq/TraF-Align/checkpoints/ours_feature_t10n10/dair_v2x_seq_trafalign_feature_t10n10_ours_spconv2121.npz,2521,29d431b363aedeb43acbf31078ea977cbc4adf0b99659597d1ac34ab67eb62ba,
DAIR-V2X-Seq,TraF-Align,joint_delay_comp,ours_checkpoint_or_config,/raid/xuyifan/v2x_code_ckpt/checkpoints/curated/ours_models/trafalign_joint_delay_comp_only_spconv2121/config.yaml,03_dair_v2x_seq/TraF-Align/checkpoints/ours_joint_delay_comp/trafalign_joint_delay_comp_only_spconv2121/config.yaml,4684,90b63de8471ba52fe856b7cb4ca7eb7220b7a7decf649c01b31a582353a1195d,
DAIR-V2X-Seq,TraF-Align,joint_delay_comp,ours_checkpoint_or_config_split_part,/raid/xuyifan/v2x_code_ckpt/checkpoints/curated/ours_models/trafalign_joint_delay_comp_only_spconv2121/net_epoch1.pth,03_dair_v2x_seq/TraF-Align/checkpoints/ours_joint_delay_comp/trafalign_joint_delay_comp_only_spconv2121/net_epoch1.pth.split/net_epoch1.pth.part000,41943040,195ca3359c52cd2c516bb7b8c6796ebb09ff48c9777f7f70cdd33dba76f86ed5,Part 1/2 of 03_dair_v2x_seq/TraF-Align/checkpoints/ours_joint_delay_comp/trafalign_joint_delay_comp_only_spconv2121/net_epoch1.pth; restore with restore_split_checkpoints.py; original_sha256=4b0b95732cfa96ddc4d58dbcab7f21f5a2bebb026dbf0f11b03a62ac54265708; original_size=54672585
DAIR-V2X-Seq,TraF-Align,joint_delay_comp,ours_checkpoint_or_config_split_part,/raid/xuyifan/v2x_code_ckpt/checkpoints/curated/ours_models/trafalign_joint_delay_comp_only_spconv2121/net_epoch1.pth,03_dair_v2x_seq/TraF-Align/checkpoints/ours_joint_delay_comp/trafalign_joint_delay_comp_only_spconv2121/net_epoch1.pth.split/net_epoch1.pth.part001,12729545,2b262cf5fcc00138fb5592dcd218649d161716b20d2f048839437ca51ee0b3a0,Part 2/2 of 03_dair_v2x_seq/TraF-Align/checkpoints/ours_joint_delay_comp/trafalign_joint_delay_comp_only_spconv2121/net_epoch1.pth; restore with restore_split_checkpoints.py; original_sha256=4b0b95732cfa96ddc4d58dbcab7f21f5a2bebb026dbf0f11b03a62ac54265708; original_size=54672585
DAIR-V2X-Seq,TraF-Align,joint_delay_comp,ours_checkpoint_or_config,/raid/xuyifan/v2x_code_ckpt/checkpoints/curated/ours_models/trafalign_joint_delay_comp_only_spconv2121/train_metrics.csv,03_dair_v2x_seq/TraF-Align/checkpoints/ours_joint_delay_comp/trafalign_joint_delay_comp_only_spconv2121/train_metrics.csv,1546,f5e2a54c61310929f8e9849ec698ec648d1b368ea5488a48c01126c32852ad09,
DAIR-V2X-Seq,TraF-Align,joint_delay_comp,ours_checkpoint_or_config,/raid/xuyifan/v2x_code_ckpt/checkpoints/curated/ours_models/trafalign_joint_delay_comp_only_adaptive2to4_spconv2121/config.yaml,03_dair_v2x_seq/TraF-Align/checkpoints/ours_joint_delay_comp/trafalign_joint_delay_comp_only_adaptive2to4_spconv2121/config.yaml,4787,670c71d033bd2e1e603a3fad1a97ae91b3d3c07b440a9de868911eb7d092be9f,
DAIR-V2X-Seq,TraF-Align,joint_delay_comp,ours_checkpoint_or_config_split_part,/raid/xuyifan/v2x_code_ckpt/checkpoints/curated/ours_models/trafalign_joint_delay_comp_only_adaptive2to4_spconv2121/net_epoch1.pth,03_dair_v2x_seq/TraF-Align/checkpoints/ours_joint_delay_comp/trafalign_joint_delay_comp_only_adaptive2to4_spconv2121/net_epoch1.pth.split/net_epoch1.pth.part000,41943040,195ca3359c52cd2c516bb7b8c6796ebb09ff48c9777f7f70cdd33dba76f86ed5,Part 1/2 of 03_dair_v2x_seq/TraF-Align/checkpoints/ours_joint_delay_comp/trafalign_joint_delay_comp_only_adaptive2to4_spconv2121/net_epoch1.pth; restore with restore_split_checkpoints.py; original_sha256=4b0b95732cfa96ddc4d58dbcab7f21f5a2bebb026dbf0f11b03a62ac54265708; original_size=54672585
DAIR-V2X-Seq,TraF-Align,joint_delay_comp,ours_checkpoint_or_config_split_part,/raid/xuyifan/v2x_code_ckpt/checkpoints/curated/ours_models/trafalign_joint_delay_comp_only_adaptive2to4_spconv2121/net_epoch1.pth,03_dair_v2x_seq/TraF-Align/checkpoints/ours_joint_delay_comp/trafalign_joint_delay_comp_only_adaptive2to4_spconv2121/net_epoch1.pth.split/net_epoch1.pth.part001,12729545,2b262cf5fcc00138fb5592dcd218649d161716b20d2f048839437ca51ee0b3a0,Part 2/2 of 03_dair_v2x_seq/TraF-Align/checkpoints/ours_joint_delay_comp/trafalign_joint_delay_comp_only_adaptive2to4_spconv2121/net_epoch1.pth; restore with restore_split_checkpoints.py; original_sha256=4b0b95732cfa96ddc4d58dbcab7f21f5a2bebb026dbf0f11b03a62ac54265708; original_size=54672585
DAIR-V2X-Seq,TraF-Align,joint_delay_comp,ours_checkpoint_or_config,/raid/xuyifan/v2x_code_ckpt/checkpoints/curated/ours_models/trafalign_joint_delay_comp_only_adaptive2to4_bypass_comp0_spconv2121/config.yaml,03_dair_v2x_seq/TraF-Align/checkpoints/ours_joint_delay_comp/trafalign_joint_delay_comp_only_adaptive2to4_bypass_comp0_spconv2121/config.yaml,4837,39c44a4b3e9f0a268c3ba3731c1d63a971cdae7bb099f1b97e1fe70b840873b7,
DAIR-V2X-Seq,TraF-Align,joint_delay_comp,ours_checkpoint_or_config_split_part,/raid/xuyifan/v2x_code_ckpt/checkpoints/curated/ours_models/trafalign_joint_delay_comp_only_adaptive2to4_bypass_comp0_spconv2121/net_epoch1.pth,03_dair_v2x_seq/TraF-Align/checkpoints/ours_joint_delay_comp/trafalign_joint_delay_comp_only_adaptive2to4_bypass_comp0_spconv2121/net_epoch1.pth.split/net_epoch1.pth.part000,41943040,195ca3359c52cd2c516bb7b8c6796ebb09ff48c9777f7f70cdd33dba76f86ed5,Part 1/2 of 03_dair_v2x_seq/TraF-Align/checkpoints/ours_joint_delay_comp/trafalign_joint_delay_comp_only_adaptive2to4_bypass_comp0_spconv2121/net_epoch1.pth; restore with restore_split_checkpoints.py; original_sha256=4b0b95732cfa96ddc4d58dbcab7f21f5a2bebb026dbf0f11b03a62ac54265708; original_size=54672585
DAIR-V2X-Seq,TraF-Align,joint_delay_comp,ours_checkpoint_or_config_split_part,/raid/xuyifan/v2x_code_ckpt/checkpoints/curated/ours_models/trafalign_joint_delay_comp_only_adaptive2to4_bypass_comp0_spconv2121/net_epoch1.pth,03_dair_v2x_seq/TraF-Align/checkpoints/ours_joint_delay_comp/trafalign_joint_delay_comp_only_adaptive2to4_bypass_comp0_spconv2121/net_epoch1.pth.split/net_epoch1.pth.part001,12729545,2b262cf5fcc00138fb5592dcd218649d161716b20d2f048839437ca51ee0b3a0,Part 2/2 of 03_dair_v2x_seq/TraF-Align/checkpoints/ours_joint_delay_comp/trafalign_joint_delay_comp_only_adaptive2to4_bypass_comp0_spconv2121/net_epoch1.pth; restore with restore_split_checkpoints.py; original_sha256=4b0b95732cfa96ddc4d58dbcab7f21f5a2bebb026dbf0f11b03a62ac54265708; original_size=54672585
DAIR-V2X-Seq,TraF-Align,official_baseline_checkpoint,baseline_checkpoint_or_config,/tmp/TraF-Align_partial/checkpoints/dair_v2x_seq_Trafalign_2024_12_28_04_42_36/config.yaml,03_dair_v2x_seq/TraF-Align/checkpoints/baseline_official_trafalign/config.yaml,5711,87c80df9910046fff258c2e32a8a439931e05f4957e20204788f12a6bf4bfe48,
DAIR-V2X-Seq,TraF-Align,official_baseline_checkpoint,baseline_checkpoint_or_config_split_part,/tmp/TraF-Align_partial/checkpoints/dair_v2x_seq_Trafalign_2024_12_28_04_42_36/net_epoch60.pth,03_dair_v2x_seq/TraF-Align/checkpoints/baseline_official_trafalign/net_epoch60.pth.split/net_epoch60.pth.part000,41943040,5ab4e2a7de4fa959ea193412302b5f5edd0671d6ff2be6f22b931227ef276c5b,Part 1/2 of 03_dair_v2x_seq/TraF-Align/checkpoints/baseline_official_trafalign/net_epoch60.pth; restore with restore_split_checkpoints.py; original_sha256=3505090787986380d9641644810bf2ea80564755f17a84795049ad98f2908257; original_size=53336860
DAIR-V2X-Seq,TraF-Align,official_baseline_checkpoint,baseline_checkpoint_or_config_split_part,/tmp/TraF-Align_partial/checkpoints/dair_v2x_seq_Trafalign_2024_12_28_04_42_36/net_epoch60.pth,03_dair_v2x_seq/TraF-Align/checkpoints/baseline_official_trafalign/net_epoch60.pth.split/net_epoch60.pth.part001,11393820,2a9adc1ef7ced3800f302f41ad485c70e9f4227a8db44a18ca971ea05c762c4a,Part 2/2 of 03_dair_v2x_seq/TraF-Align/checkpoints/baseline_official_trafalign/net_epoch60.pth; restore with restore_split_checkpoints.py; original_sha256=3505090787986380d9641644810bf2ea80564755f17a84795049ad98f2908257; original_size=53336860
ALL,ALL,packaging,excluded_cache_manifest,generated,MANIFEST_EXCLUDED_LARGE_CACHE.csv,548,a5315ad6e4981c2ef61cae9d6faf2a8f6b4f9ae8a54db8dd685ae457eb131a03,Large intermediate caches intentionally excluded from GitHub upload.
ALL,ALL,packaging,missing_manifest,generated,MANIFEST_MISSING.csv,73,4c0f4e3df5d1d80c5d4a0180efd05fb6c3a4cdca2c79232a9fce2f37ef464806,Files requested by packaging list but missing locally.
ALL,ALL,packaging,split_checkpoint_manifest,generated,CHECKPOINT_SPLIT_MANIFEST.csv,8204,2870d8ef79e283bad014b0630d66248449bc9f46524fe4c80a6b034f4c6d43b5,Mapping from split parts to original checkpoint files.
ALL,ALL,packaging,restore_script,generated,restore_split_checkpoints.py,1650,bd6a1bcdabfb1730db844a435dabd520cc12ff6a6920a0addb6aa90d9ac44c11,Reconstructs split checkpoint files and verifies SHA256.
ALL,ALL,documentation,package_readme,generated,README.md,2310,f890a115f221457bf8191960d62678331c1c7ecb9a05a0fdb5bc81fb6911d382,Package description.
ALL,ALL,documentation,documentation,/raid/xuyifan/v2x_code_ckpt/docs/260704_ARTIFACT_INDEX.md,00_docs/260704_ARTIFACT_INDEX.md,10284,416837388ea77a6627f5fed17d11ba93652e57275dda78331cf2b282c2d9f7d2,Beginner-facing Chinese artifact directory map and remaining reproduction gaps.
ALL,ALL,documentation,documentation,/raid/xuyifan/v2x_code_ckpt/docs/260704_REPRODUCTION_CHECKLIST.md,00_docs/260704_REPRODUCTION_CHECKLIST.md,8775,a28b19324397da2e938cd51ce7ea88da68ddc45f1b3aa969d398d86cac983095,Newcomer checklist for reproducing 260704 experiments without uploading large raw datasets.
ALL,ALL,documentation,documentation,/raid/xuyifan/v2x_code_ckpt/docs/260704_EXTERNAL_RESOURCES.md,00_docs/260704_EXTERNAL_RESOURCES.md,16231,9c4227e5e56318543da8f73dbf76fdcec3881a7ded095b88475332d65a6f4340,"External public resources, checkpoints, environments, small assets, and missing conditions."
ALL,ALL,documentation,documentation,/raid/xuyifan/v2x_code_ckpt/docs/260704_RUNBOOK.md,00_docs/260704_RUNBOOK.md,21614,50ad6efff8baa90bacedd26508be95cebadf1f91c90d67f0efa48cec33338126,Command-level reproduction runbook with patch/split preparation notes.
ALL,ALL,documentation,documentation,generated,00_reproduction_assets/README.md,2750,036d8ecbbd708ac8084e8c89ed78d8d44517c1de1ec15c4113a2eabc451e3347,Explains small reproduction assets.
V2X-Sim,ALL,documentation,dataset_info_summary,generated,00_reproduction_assets/dataset_info/v2xsim2_info/summary.json,625,04340449ea01306e873385c1f62a4c649c4d21adcca5aae23572adf6f497b763,Summary only; large V2X-Sim info pkl files are intentionally excluded.
ALL,DATA,documentation,environment_reference,generated,00_reproduction_assets/env_refs/DATA/requirements.txt,280,099ece6d3428180a2443cf50c81eb2faaa5c7377c11ad9b7bf15e97862439a35,Reference environment/requirements file; not a complete lock file.
ALL,LRCP,documentation,environment_reference,generated,00_reproduction_assets/env_refs/LRCP/environment.yml,247,abb276d44f15c60498469d55a120542af45b6dab3fcf3a97bf025fe858a96187,Reference environment/requirements file; not a complete lock file.
ALL,LRCP,documentation,environment_reference,generated,00_reproduction_assets/env_refs/LRCP/requirements.txt,130,81fc54933757fa8f2002792947981b7480804714bc03f7ecebe40467f43947b2,Reference environment/requirements file; not a complete lock file.
ALL,TraF-Align,documentation,environment_reference,generated,00_reproduction_assets/env_refs/TraF-Align/requirements.txt,189,1cd53ebf629456bf839d2fe20beb2d79af5eaabdbc346f74350abb548ba62b41,Reference environment/requirements file; not a complete lock file.
ALL,DATA,documentation,external_code_patch,generated,00_reproduction_assets/patches/DATA_local_changes.patch,27635,b1feaa76710e4a44549d57bf201317a67e9b4f69b24138578f00629db7a6b20a,Local patch for upstream external baseline code.
ALL,LRCP,documentation,external_code_patch,generated,00_reproduction_assets/patches/LRCP_local_changes.patch,15475,b7f02616ee92a203e988d03ed2880430ca31af57dd3f43fe102e8b6c7f2896b4,Local patch for upstream external baseline code.
ALL,official_late_fusion/TCLF,documentation,external_code_patch,generated,00_reproduction_assets/patches/OpenDAIRV2X_local_changes.patch,54555,57feb10850244dc1e6939fb2c2b9fc24839aa447e23a92264355a88ff63ae711,Local patch for upstream external baseline code.
ALL,TraF-Align,documentation,external_code_patch,generated,00_reproduction_assets/patches/TraFAlign_local_changes.patch,3411,2c06d6685a5ae3c707af3f6f6d8d61dcabe573fd5ee508de8265858f4259fa0b,Local patch for upstream external baseline code.
ALL,LRCP,documentation,external_code_extra_file,generated,00_reproduction_assets/patches/extra_files/LRCP/opencood/hypes_yaml/dairv2x/pointpillar_deformable_attn_stage1.yaml,6954,e87188ec0adc243fa47c87b2e9f88aa987110ccaabe53c6b05a3a80bbb56b697,Small added file required by local patched external code.
ALL,LRCP,documentation,external_code_extra_file,generated,00_reproduction_assets/patches/extra_files/LRCP/opencood/hypes_yaml/dairv2x/pointpillar_deformable_attn_stage2.yaml,7061,c795ed9693efbaa6999e2ad2588ecef1d09d4cc27861e8c44f163081382b0740,Small added file required by local patched external code.
ALL,TraF-Align,documentation,external_code_extra_file,generated,00_reproduction_assets/patches/extra_files/TraF-Align/models/modules/deform/joint_delay_compensation.py,3172,5aa65182528d9e73bace6359ede84b1f8dbd6587cd3ab38ba2c95d0c99589dde,Small added file required by local patched external code.
DAIR-V2X-C,ALL,documentation,dataset_split_file,generated,00_reproduction_assets/split_files/dair_v2x/cooperative-split-data-spd.json,527457,0a59332221f3618639f34fb70678d03c5221ab80fd69f2cf41acffca0d8859fd,DAIR-V2X split file; raw dataset is not included.
DAIR-V2X-C,ALL,documentation,dataset_split_file,generated,00_reproduction_assets/split_files/dair_v2x/cooperative-split-data.json,520769,eec0e4fd5956ce3f26845f729ab049047a8074a8e8e6dfeb005294ddcb5ebac2,DAIR-V2X split file; raw dataset is not included.
DAIR-V2X-C,ALL,documentation,dataset_split_file,generated,00_reproduction_assets/split_files/dair_v2x/example-cooperative-split-data.json,2436,eea4b48e10d554d5a32388eb4cbe89d3d9182e2e4de82e8290d8fb77d885266d,DAIR-V2X split file; raw dataset is not included.
DAIR-V2X-C,ALL,documentation,dataset_split_file,generated,00_reproduction_assets/split_files/dair_v2x/example-single-infrastructure-split-data.json,1031,18d7c66caa9f669dae573469f2d54247316fb9c70fc6f041a5263031beadd982,DAIR-V2X split file; raw dataset is not included.
DAIR-V2X-C,ALL,documentation,dataset_split_file,generated,00_reproduction_assets/split_files/dair_v2x/example-single-vehicle-split-data.json,1031,4f353e21d495f0d3cba4b63d3da31d1e1dfc086db93d769c69fb966d022440e9,DAIR-V2X split file; raw dataset is not included.
DAIR-V2X-C,ALL,documentation,dataset_split_file,generated,00_reproduction_assets/split_files/dair_v2x/single-infrastructure-split-data.json,100870,b0c3d37f35a274a6861dc1e9e8263a012f2f17b0c66bcdb79c8369971590686b,DAIR-V2X split file; raw dataset is not included.
DAIR-V2X-C,ALL,documentation,dataset_split_file,generated,00_reproduction_assets/split_files/dair_v2x/single-vehicle-split-data.json,223280,6739325d45c939165f199b51b9c441cc0ae345ae06425731e6be4f0f3e6fcc52,DAIR-V2X split file; raw dataset is not included.
DAIR-V2X-Seq,TraF-Align,documentation,dataset_split_file,generated,00_reproduction_assets/split_files/trafalign/V2XSeq_dataset_split_official.yaml,826,ad998e4a9b7c90d704281bdd72176752dc7b7ce1e23080c8e8ea71e990a37f53,TraF-Align V2X-Seq split file; raw dataset is not included.
